issue,quote_end_utc,ticker,side,result,observed_min,training_years,model_probability,historical_ask,candle_volume,net_edge,screen_pass,persistence_probability,persistence_net_edge,persistence_screen_pass,settlement_payoff,hypothetical_pnl_per_contract
2025-08-15,2025-08-15T04:00:00+00:00,KXARCTICICEMIN-25OCT01-T3.6,NO,no,5.532,37,0.9868421052631579,0.99,0.0,-0.023157894736842138,False,1.0,-0.009999999999999992,False,1.0,-0.009999999999999992
2025-08-15,2025-08-15T04:00:00+00:00,KXARCTICICEMIN-25OCT01-T3.6,YES,no,5.532,37,0.013157894736842105,0.05,0.0,-0.0568421052631579,False,0.0,-0.07,False,0.0,-0.07
2025-08-15,2025-08-15T04:00:00+00:00,KXARCTICICEMIN-25OCT01-T3.8,NO,no,5.532,37,0.9605263157894737,0.97,0.0,-0.0294736842105263,False,1.0,0.010000000000000026,False,1.0,0.010000000000000026
2025-08-15,2025-08-15T04:00:00+00:00,KXARCTICICEMIN-25OCT01-T3.8,YES,no,5.532,37,0.039473684210526314,0.08,0.0,-0.06052631578947369,False,0.0,-0.1,False,0.0,-0.1
2025-08-15,2025-08-15T04:00:00+00:00,KXARCTICICEMIN-25OCT01-T4.0,NO,no,5.532,37,0.8552631578947368,0.87,50.0,-0.03473684210526316,False,1.0,0.11,True,1.0,0.11
2025-08-15,2025-08-15T04:00:00+00:00,KXARCTICICEMIN-25OCT01-T4.0,YES,no,5.532,37,0.14473684210526316,0.17,50.0,-0.04526315789473685,False,0.0,-0.19,False,0.0,-0.19
2025-08-15,2025-08-15T04:00:00+00:00,KXARCTICICEMIN-25OCT01-T4.2,NO,no,5.532,37,0.5921052631578947,0.52,0.0,0.05210526315789467,True,1.0,0.45999999999999996,True,1.0,0.45999999999999996
2025-08-15,2025-08-15T04:00:00+00:00,KXARCTICICEMIN-25OCT01-T4.2,YES,no,5.532,37,0.40789473684210525,0.52,0.0,-0.13210526315789475,False,0.0,-0.54,False,0.0,-0.54
2025-08-15,2025-08-15T04:00:00+00:00,KXARCTICICEMIN-25OCT01-T4.4,NO,no,5.532,37,0.4078947368421053,0.14,0.0,0.2478947368421053,True,1.0,0.84,True,1.0,0.84
2025-08-15,2025-08-15T04:00:00+00:00,KXARCTICICEMIN-25OCT01-T4.4,YES,no,5.532,37,0.5921052631578947,0.89,0.0,-0.31789473684210534,False,0.0,-0.91,False,0.0,-0.91
2025-08-15,2025-08-15T04:00:00+00:00,KXARCTICICEMIN-25OCT01-T4.6,NO,yes,5.532,37,0.19736842105263153,0.050000000000000044,0.0,0.1273684210526315,True,1.0,0.9299999999999999,True,0.0,-0.07000000000000005
2025-08-15,2025-08-15T04:00:00+00:00,KXARCTICICEMIN-25OCT01-T4.6,YES,yes,5.532,37,0.8026315789473685,0.97,0.0,-0.1873684210526315,False,0.0,-0.99,False,1.0,0.010000000000000026
2025-08-15,2025-08-15T04:00:00+00:00,KXARCTICICEMIN-25OCT01-T4.8,NO,yes,5.532,37,0.013157894736842146,0.040000000000000036,0.0,-0.04684210526315789,False,1.0,0.94,True,0.0,-0.06000000000000004
2025-08-15,2025-08-15T04:00:00+00:00,KXARCTICICEMIN-25OCT01-T4.8,YES,yes,5.532,37,0.9868421052631579,0.98,0.0,-0.013157894736842129,False,0.0,-1.0,False,1.0,1.734723475976807e-17
2025-08-15,2025-08-15T04:00:00+00:00,KXARCTICICEMIN-25OCT01-T5.0,NO,yes,5.532,37,0.013157894736842146,0.030000000000000027,0.0,-0.036842105263157884,False,1.0,0.95,True,0.0,-0.05000000000000003
2025-08-15,2025-08-15T04:00:00+00:00,KXARCTICICEMIN-25OCT01-T5.0,YES,yes,5.532,37,0.9868421052631579,0.99,0.0,-0.023157894736842138,False,0.0,-1.01,False,1.0,-0.009999999999999992
2025-08-15,2025-08-15T04:00:00+00:00,KXARCTICICEMIN-25OCT01-T5.2,NO,yes,5.532,37,0.013157894736842146,0.020000000000000018,0.0,-0.026842105263157872,False,1.0,0.96,True,0.0,-0.04000000000000002
2025-08-15,2025-08-15T04:00:00+00:00,KXARCTICICEMIN-25OCT01-T5.2,YES,yes,5.532,37,0.9868421052631579,1.0,0.0,-0.03315789473684215,False,0.0,-1.02,False,1.0,-0.02
2025-09-01,2025-09-01T04:00:00+00:00,KXARCTICICEMIN-25OCT01-T3.6,NO,no,4.809,37,0.9868421052631579,1.0,0.0,-0.03315789473684215,False,1.0,-0.02,False,1.0,-0.02
2025-09-01,2025-09-01T04:00:00+00:00,KXARCTICICEMIN-25OCT01-T3.6,YES,no,4.809,37,0.013157894736842105,0.02,0.0,-0.026842105263157896,False,0.0,-0.04,False,0.0,-0.04
2025-09-01,2025-09-01T04:00:00+00:00,KXARCTICICEMIN-25OCT01-T3.8,NO,no,4.809,37,0.9868421052631579,1.0,0.0,-0.03315789473684215,False,1.0,-0.02,False,1.0,-0.02
2025-09-01,2025-09-01T04:00:00+00:00,KXARCTICICEMIN-25OCT01-T3.8,YES,no,4.809,37,0.013157894736842105,0.02,0.0,-0.026842105263157896,False,0.0,-0.04,False,0.0,-0.04
2025-09-01,2025-09-01T04:00:00+00:00,KXARCTICICEMIN-25OCT01-T4.0,NO,no,4.809,37,0.9868421052631579,0.99,0.0,-0.023157894736842138,False,1.0,-0.009999999999999992,False,1.0,-0.009999999999999992
2025-09-01,2025-09-01T04:00:00+00:00,KXARCTICICEMIN-25OCT01-T4.0,YES,no,4.809,37,0.013157894736842105,0.03,0.0,-0.0368421052631579,False,0.0,-0.05,False,0.0,-0.05
2025-09-01,2025-09-01T04:00:00+00:00,KXARCTICICEMIN-25OCT01-T4.2,NO,no,4.809,37,0.9078947368421053,0.86,500.0,0.027894736842105323,False,1.0,0.12000000000000001,True,1.0,0.12000000000000001
2025-09-01,2025-09-01T04:00:00+00:00,KXARCTICICEMIN-25OCT01-T4.2,YES,no,4.809,37,0.09210526315789473,0.16,500.0,-0.08789473684210528,False,0.0,-0.18,False,0.0,-0.18
2025-09-01,2025-09-01T04:00:00+00:00,KXARCTICICEMIN-25OCT01-T4.4,NO,no,4.809,37,0.6447368421052632,0.49,230.0,0.13473684210526318,True,1.0,0.49,True,1.0,0.49
2025-09-01,2025-09-01T04:00:00+00:00,KXARCTICICEMIN-25OCT01-T4.4,YES,no,4.809,37,0.35526315789473684,0.59,230.0,-0.25473684210526315,False,0.0,-0.61,False,0.0,-0.61
2025-09-01,2025-09-01T04:00:00+00:00,KXARCTICICEMIN-25OCT01-T4.6,NO,yes,4.809,37,0.11842105263157898,0.030000000000000027,510.0,0.06842105263157895,True,1.0,0.95,True,0.0,-0.05000000000000003
2025-09-01,2025-09-01T04:00:00+00:00,KXARCTICICEMIN-25OCT01-T4.6,YES,yes,4.809,37,0.881578947368421,0.98,510.0,-0.11842105263157897,False,0.0,-1.0,False,1.0,1.734723475976807e-17
2025-09-15,2025-09-15T04:00:00+00:00,KXARCTICICEMIN-25OCT01-T3.6,NO,no,4.543,37,0.9868421052631579,1.0,0.0,-0.03315789473684215,False,1.0,-0.02,False,1.0,-0.02
2025-09-15,2025-09-15T04:00:00+00:00,KXARCTICICEMIN-25OCT01-T3.6,YES,no,4.543,37,0.013157894736842105,0.01,0.0,-0.016842105263157894,False,0.0,-0.03,False,0.0,-0.03
2025-09-15,2025-09-15T04:00:00+00:00,KXARCTICICEMIN-25OCT01-T3.8,NO,no,4.543,37,0.9868421052631579,1.0,300.0,-0.03315789473684215,False,1.0,-0.02,False,1.0,-0.02
2025-09-15,2025-09-15T04:00:00+00:00,KXARCTICICEMIN-25OCT01-T3.8,YES,no,4.543,37,0.013157894736842105,0.01,300.0,-0.016842105263157894,False,0.0,-0.03,False,0.0,-0.03
2025-09-15,2025-09-15T04:00:00+00:00,KXARCTICICEMIN-25OCT01-T4.0,NO,no,4.543,37,0.9868421052631579,1.0,0.0,-0.03315789473684215,False,1.0,-0.02,False,1.0,-0.02
2025-09-15,2025-09-15T04:00:00+00:00,KXARCTICICEMIN-25OCT01-T4.0,YES,no,4.543,37,0.013157894736842105,0.02,0.0,-0.026842105263157896,False,0.0,-0.04,False,0.0,-0.04
2025-09-15,2025-09-15T04:00:00+00:00,KXARCTICICEMIN-25OCT01-T4.2,NO,no,4.543,37,0.9868421052631579,1.0,0.0,-0.03315789473684215,False,1.0,-0.02,False,1.0,-0.02
2025-09-15,2025-09-15T04:00:00+00:00,KXARCTICICEMIN-25OCT01-T4.2,YES,no,4.543,37,0.013157894736842105,0.02,0.0,-0.026842105263157896,False,0.0,-0.04,False,0.0,-0.04
2025-09-15,2025-09-15T04:00:00+00:00,KXARCTICICEMIN-25OCT01-T4.4,NO,no,4.543,37,0.9078947368421053,1.0,100.0,-0.1121052631578947,False,1.0,-0.02,False,1.0,-0.02
2025-09-15,2025-09-15T04:00:00+00:00,KXARCTICICEMIN-25OCT01-T4.4,YES,no,4.543,37,0.09210526315789473,0.02,100.0,0.052105263157894724,True,0.0,-0.04,False,0.0,-0.04
2025-09-15,2025-09-15T04:00:00+00:00,KXARCTICICEMIN-25OCT01-T4.6,NO,yes,4.543,37,0.0,0.08999999999999997,0.0,-0.10999999999999997,False,0.0,-0.10999999999999997,False,0.0,-0.10999999999999997
2025-09-15,2025-09-15T04:00:00+00:00,KXARCTICICEMIN-25OCT01-T4.6,YES,yes,4.543,37,1.0,1.0,0.0,-0.02,False,1.0,-0.02,False,1.0,-0.02
2025-09-25,2025-09-25T04:00:00+00:00,KXARCTICICEMIN-25OCT01-T3.6,NO,no,4.543,37,0.9868421052631579,1.0,0.0,-0.03315789473684215,False,1.0,-0.02,False,1.0,-0.02
2025-09-25,2025-09-25T04:00:00+00:00,KXARCTICICEMIN-25OCT01-T3.6,YES,no,4.543,37,0.013157894736842105,0.01,0.0,-0.016842105263157894,False,0.0,-0.03,False,0.0,-0.03
2025-09-25,2025-09-25T04:00:00+00:00,KXARCTICICEMIN-25OCT01-T3.8,NO,no,4.543,37,0.9868421052631579,1.0,0.0,-0.03315789473684215,False,1.0,-0.02,False,1.0,-0.02
2025-09-25,2025-09-25T04:00:00+00:00,KXARCTICICEMIN-25OCT01-T3.8,YES,no,4.543,37,0.013157894736842105,0.01,0.0,-0.016842105263157894,False,0.0,-0.03,False,0.0,-0.03
2025-09-25,2025-09-25T04:00:00+00:00,KXARCTICICEMIN-25OCT01-T4.0,NO,no,4.543,37,0.9868421052631579,1.0,0.0,-0.03315789473684215,False,1.0,-0.02,False,1.0,-0.02
2025-09-25,2025-09-25T04:00:00+00:00,KXARCTICICEMIN-25OCT01-T4.0,YES,no,4.543,37,0.013157894736842105,0.01,0.0,-0.016842105263157894,False,0.0,-0.03,False,0.0,-0.03
2025-09-25,2025-09-25T04:00:00+00:00,KXARCTICICEMIN-25OCT01-T4.2,NO,no,4.543,37,0.9868421052631579,1.0,0.0,-0.03315789473684215,False,1.0,-0.02,False,1.0,-0.02
2025-09-25,2025-09-25T04:00:00+00:00,KXARCTICICEMIN-25OCT01-T4.2,YES,no,4.543,37,0.013157894736842105,0.01,0.0,-0.016842105263157894,False,0.0,-0.03,False,0.0,-0.03
2025-09-25,2025-09-25T04:00:00+00:00,KXARCTICICEMIN-25OCT01-T4.4,NO,no,4.543,37,0.9868421052631579,1.0,93.0,-0.03315789473684215,False,1.0,-0.02,False,1.0,-0.02
2025-09-25,2025-09-25T04:00:00+00:00,KXARCTICICEMIN-25OCT01-T4.4,YES,no,4.543,37,0.013157894736842105,0.01,93.0,-0.016842105263157894,False,0.0,-0.03,False,0.0,-0.03
