# &quot;Texas Precipitation&quot;
# Units: Inches
Date,Value
198101,1.18
198102,1.1
198103,2.22
198104,2.65
198105,4.33
198106,5.26
198107,2.39
198108,3.22
198109,2.33
198110,5.86
198111,1.16
198112,0.48
198201,0.99
198202,1.69
198203,1.1
198204,2
198205,5.38
198206,3.69
198207,1.73
198208,1.24
198209,1.25
198210,1.84
198211,3.05
198212,2.72
198301,1.51
198302,2.3
198303,2.32
198304,0.57
198305,3.62
198306,2.84
198307,1.98
198308,2.14
198309,2.06
198310,3.4
198311,1.92
198312,1.09
198401,1.49
198402,1.26
198403,1.53
198404,0.59
198405,2.2
198406,2.47
198407,1.67
198408,1.99
198409,2.04
198410,5.95
198411,2.08
198412,2.91
198501,1.49
198502,1.98
198503,2.61
198504,2.36
198505,2.68
198506,3.62
198507,2.15
198508,1.04
198509,3.99
198510,4.55
198511,2.43
198512,0.98
198601,0.48
198602,1.59
198603,0.58
198604,1.74
198605,4.49
198606,4.97
198607,1.2
198608,2.99
198609,3.88
198610,5.38
198611,2.93
198612,3.3
198701,1.15
198702,3.16
198703,1.34
198704,0.9
198705,5.47
198706,5.23
198707,2.03
198708,2.43
198709,2.82
198710,0.74
198711,2.48
198712,2.61
198801,0.59
198802,0.86
198803,1.67
198804,1.48
198805,1.98
198806,2.45
198807,3.32
198808,1.66
198809,3.52
198810,1.17
198811,0.89
198812,1.37
198901,2.34
198902,1.9
198903,1.86
198904,1.13
198905,3.95
198906,4.93
198907,1.73
198908,2.45
198909,2.12
198910,1.41
198911,0.75
198912,0.67
199001,2.23
199002,2.53
199003,3.14
199004,3.56
199005,3.2
199006,1.18
199007,4.16
199008,2.13
199009,3.73
199010,2.2
199011,2.31
199012,1.07
199101,3.53
199102,1.65
199103,1.01
199104,2.92
199105,3.62
199106,4.14
199107,3.08
199108,3.03
199109,4.8
199110,2.33
199111,1.5
199112,5.59
199201,3.15
199202,3.98
199203,2.24
199204,2.31
199205,5.09
199206,4.31
199207,2.42
199208,1.98
199209,1.86
199210,0.93
199211,3.08
199212,2.25
199301,2.16
199302,1.91
199303,2.42
199304,2.39
199305,3.46
199306,4.34
199307,1.28
199308,1.61
199309,2.09
199310,3.01
199311,1.25
199312,1.45
199401,1.48
199402,1.51
199403,1.77
199404,1.96
199405,4.52
199406,1.91
199407,2
199408,2.07
199409,2.5
199410,5.04
199411,1.8
199412,2.75
199501,1.61
199502,1.02
199503,2.21
199504,2.47
199505,4.67
199506,2.97
199507,2.11
199508,2.75
199509,3.66
199510,1.14
199511,1.5
199512,1.57
199601,0.49
199602,0.25
199603,0.75
199604,1.51
199605,1.34
199606,2.96
199607,2.51
199608,5.23
199609,4.08
199610,1.72
199611,2.71
199612,1.05
199701,1.24
199702,3.79
199703,2.42
199704,4.91
199705,3.52
199706,4.55
199707,1.37
199708,2.32
199709,2.15
199710,3.27
199711,1.81
199712,2.84
199801,2.16
199802,2.64
199803,2.35
199804,0.67
199805,0.7
199806,1.14
199807,1.2
199808,3.69
199809,3.39
199810,5.18
199811,3.15
199812,1.72
199901,1.72
199902,0.23
199903,2.84
199904,1.95
199905,3.66
199906,3.89
199907,2.04
199908,1.35
199909,1.57
199910,1.34
199911,0.26
199912,1.2
200001,1.05
200002,1.01
200003,2.36
200004,1.91
200005,3.13
200006,5.03
200007,0.7
200008,0.47
200009,1.18
200010,4
200011,5.24
200012,1.75
200101,2.35
200102,2.03
200103,3.25
200104,0.79
200105,3.02
200106,2.55
200107,0.97
200108,3.6
200109,3.23
200110,1.74
200111,3.31
200112,2.27
200201,0.96
200202,1.05
200203,1.98
200204,1.79
200205,1.9
200206,2.39
200207,4.73
200208,1.75
200209,2.99
200210,6.17
200211,1.83
200212,3.11
200301,0.58
200302,2.4
200303,1.13
200304,0.77
200305,1.5
200306,4.48
200307,2.36
200308,2.09
200309,3.91
200310,2.71
200311,1.56
200312,0.71
200401,2.17
200402,2.81
200403,2.35
200404,3.94
200405,2.39
200406,6.66
200407,2.37
200408,3.18
200409,2.55
200410,3.95
200411,6.18
200412,0.81
200501,1.89
200502,2.51
200503,1.8
200504,0.7
200505,2.89
200506,1.24
200507,3.01
200508,3.42
200509,1.41
200510,2.15
200511,0.73
200512,0.45
200601,1.06
200602,1.14
200603,2.07
200604,1.51
200605,2.2
200606,1.96
200607,2.31
200608,2.36
200609,3.27
200610,4.03
200611,0.72
200612,2.5
200701,3.55
200702,0.48
200703,4.47
200704,2.15
200705,5.54
200706,5.33
200707,5.37
200708,2.92
200709,2.68
200710,1.15
200711,1.34
200712,1.22
200801,0.94
200802,1.1
200803,2.34
200804,1.87
200805,2.29
200806,1.93
200807,2.29
200808,4.52
200809,2.85
200810,2.16
200811,0.99
200812,0.52
200901,0.4
200902,0.62
200903,2.21
200904,3.2
200905,2.3
200906,1.87
200907,3.09
200908,1.62
200909,4.2
200910,5.55
200911,1.26
200912,2.22
201001,2.37
201002,2.59
201003,1.87
201004,2.69
201005,2.27
201006,2.78
201007,5.12
201008,1.28
201009,4.31
201010,0.76
201011,1.04
201012,0.73
201101,1.55
201102,0.65
201103,0.27
201104,0.7
201105,1.56
201106,0.98
201107,0.74
201108,0.74
201109,1.14
201110,2.23
201111,1.28
201112,2.86
201201,2.27
201202,2.29
201203,3.07
201204,1.27
201205,2.88
201206,1.86
201207,2.7
201208,1.84
201209,3.95
201210,0.69
201211,0.31
201212,0.97
201301,2.46
201302,1.21
201303,0.66
201304,1.77
201305,2.42
201306,2.33
201307,3.1
201308,1.41
201309,4.05
201310,3.31
201311,1.94
201312,1.36
201401,0.37
201402,0.73
201403,1.11
201404,0.98
201405,4.1
201406,3.01
201407,2.58
201408,1.73
201409,3.59
201410,1.76
201411,2.83
201412,1.22
201501,2.67
201502,1.09
201503,3.47
201504,3.96
201505,9.05
201506,3.72
201507,1.85
201508,1.43
201509,1.43
201510,6.17
201511,3.87
201512,2.52
201601,0.95
201602,1.06
201603,2.85
201604,4.3
201605,4.86
201606,3.37
201607,1.31
201608,5.33
201609,2.96
201610,0.67
201611,2.34
201612,2.1
201701,2.28
201702,1.71
201703,1.88
201704,2.75
201705,2.54
201706,3.11
201707,2.46
201708,7
201709,2.61
201710,1.25
201711,0.73
201712,1.96
201801,0.64
201802,2.43
201803,1.96
201804,1.05
201805,2.08
201806,2.49
201807,2.15
201808,2.17
201809,6.71
201810,6.92
201811,1.78
201812,3.34
201901,1.5
201902,0.92
201903,1.21
201904,3.58
201905,5.23
201906,4.27
201907,1.29
201908,1.42
201909,2.43
201910,2.71
201911,1.42
201912,0.88
202001,1.96
202002,1.9
202003,3.17
202004,1.86
202005,3.54
202006,2.15
202007,2.28
202008,1.32
202009,4.21
202010,1.01
202011,0.95
202012,1.82
202101,1.7
202102,0.99
202103,1.31
202104,2.14
202105,6.19
202106,4.05
202107,4
202108,2.79
202109,1.41
202110,2.42
202111,1.16
202112,0.63
202201,0.69
202202,1.07
202203,1.23
202204,1.29
202205,2.32
202206,1.41
202207,1.03
202208,4.33
202209,1.41
202210,2.36
202211,2.74
202212,1.36
202301,1.38
202302,1.25
202303,1.33
202304,2.68
202305,4.28
202306,1.99
202307,1.29
202308,0.93
202309,2.12
202310,3.75
202311,1.25
202312,1.75
202401,3.09
202402,1.39
202403,1.89
202404,2.98
202405,4.72
202406,2.86
202407,3.91
202408,1.07
202409,2.75
202410,0.25
202411,2.84
202412,1.67
202501,1.55
202502,0.86
202503,1.54
202504,3
202505,4.16
202506,4.14
202507,3.52
202508,2.19
202509,1.73
202510,1.46
202511,1.48
202512,0.38
