# &quot;Kansas Precipitation&quot;
# Units: Inches
Date,Value
198101,0.21
198102,0.27
198103,2.17
198104,1.64
198105,6.43
198106,3.84
198107,4.62
198108,2.76
198109,2.3
198110,2.36
198111,2.94
198112,0.4
198201,0.89
198202,0.82
198203,1.76
198204,1.33
198205,6.63
198206,4.91
198207,3.5
198208,2.59
198209,1.7
198210,1.55
198211,0.99
198212,1.89
198301,0.66
198302,1.3
198303,2.71
198304,3.42
198305,3.92
198306,4.27
198307,0.76
198308,1.29
198309,1.92
198310,3.11
198311,2.22
198312,0.84
198401,0.4
198402,0.97
198403,4
198404,5.02
198405,2.6
198406,4.34
198407,1.26
198408,1.48
198409,1.3
198410,4.08
198411,0.84
198412,2.63
198501,1.1
198502,1.61
198503,1.41
198504,3.13
198505,3.49
198506,4.11
198507,3.25
198508,4.69
198509,4.5
198510,3.41
198511,1.56
198512,0.65
198601,0
198602,0.8
198603,0.97
198604,2.72
198605,3.66
198606,3.84
198607,4.03
198608,4.32
198609,5.11
198610,3.9
198611,1.1
198612,0.95
198701,0.81
198702,1.74
198703,4.68
198704,1.68
198705,5.49
198706,3.93
198707,3.23
198708,4.54
198709,2.11
198710,1.08
198711,1.63
198712,1.3
198801,0.81
198802,0.32
198803,1.2
198804,3.33
198805,2.58
198806,1.75
198807,3.44
198808,1.82
198809,2.58
198810,0.57
198811,1.03
198812,0.41
198901,0.66
198902,0.47
198903,1.56
198904,0.41
198905,4.09
198906,6.03
198907,3.17
198908,4.85
198909,3.48
198910,1.41
198911,0
198912,0.31
199001,1.25
199002,1.5
199003,3.06
199004,2.12
199005,5.51
199006,2.96
199007,3.51
199008,3.1
199009,1.76
199010,0.97
199011,1.59
199012,0.6
199101,0.52
199102,0.04
199103,1.46
199104,2.62
199105,4.05
199106,2.61
199107,2.37
199108,2.54
199109,1.47
199110,1.3
199111,2.36
199112,1.81
199201,1.1
199202,0.93
199203,2.46
199204,1.36
199205,2.4
199206,5.81
199207,6.7
199208,3.74
199209,2.08
199210,2
199211,3.51
199212,1.7
199301,1.48
199302,1.93
199303,2.25
199304,2.18
199305,6.05
199306,4.27
199307,9.28
199308,4.2
199309,3.75
199310,1.21
199311,1.12
199312,0.75
199401,0.6
199402,0.71
199403,0.39
199404,4.62
199405,1.5
199406,2.97
199407,4.92
199408,2.42
199409,1.36
199410,2.24
199411,2.29
199412,0.98
199501,0.92
199502,0.3
199503,2.13
199504,2.79
199505,8.79
199506,4.84
199507,3.22
199508,3.01
199509,2.38
199510,0.33
199511,0.32
199512,0.65
199601,0.43
199602,0.12
199603,1.26
199604,1.35
199605,4.98
199606,4.11
199607,4.29
199608,5.34
199609,4.38
199610,1.54
199611,2.8
199612,0.16
199701,0.22
199702,2.13
199703,0.42
199704,2.83
199705,3.31
199706,4.25
199707,3.21
199708,4.8
199709,2.89
199710,3.22
199711,0.92
199712,2.09
199801,0.6
199802,0.96
199803,3.2
199804,2.28
199805,2.06
199806,2.9
199807,6.37
199808,1.94
199809,3.08
199810,4.23
199811,4.11
199812,0.58
199901,1.35
199902,0.49
199903,1.7
199904,5.18
199905,4.42
199906,5.31
199907,2.73
199908,3.22
199909,3.28
199910,0.61
199911,0.76
199912,1.21
200001,0.42
200002,1.61
200003,4.16
200004,1.35
200005,2.67
200006,4.25
200007,3.68
200008,0.62
200009,1.01
200010,3.98
200011,1.24
200012,0.49
200101,1.31
200102,2.46
200103,1.48
200104,1.81
200105,5.26
200106,3.81
200107,3.71
200108,2.4
200109,3.55
200110,1.11
200111,0.58
200112,0.27
200201,1.06
200202,0.42
200203,0.53
200204,2.34
200205,3.9
200206,2.74
200207,1.72
200208,3.09
200209,1.5
200210,4.43
200211,0.24
200212,0.47
200301,0.18
200302,1.15
200303,2.22
200304,3.23
200305,3.47
200306,4.19
200307,0.85
200308,4.31
200309,2.51
200310,1.21
200311,0.64
200312,1.15
200401,0.83
200402,0.86
200403,3.38
200404,2.5
200405,2.47
200406,5.34
200407,5.81
200408,2.51
200409,2.15
200410,2.29
200411,2.47
200412,0.3
200501,1.77
200502,1.59
200503,1.37
200504,2.02
200505,3.18
200506,6.03
200507,3.22
200508,5.16
200509,1.58
200510,2.58
200511,0.68
200512,0.42
200601,0.3
200602,0.01
200603,1.87
200604,2.43
200605,2.76
200606,3.02
200607,2.39
200608,4.77
200609,1.9
200610,2.14
200611,0.47
200612,2.67
200701,0.89
200702,0.88
200703,3.44
200704,2.98
200705,5.98
200706,5.69
200707,3.35
200708,2.57
200709,2.02
200710,2.83
200711,0.15
200712,2.48
200801,0.4
200802,1.38
200803,1.47
200804,2.81
200805,5.13
200806,4.81
200807,3.37
200808,3.62
200809,3.97
200810,4.78
200811,0.95
200812,0.65
200901,0.08
200902,0.51
200903,1.87
200904,4.8
200905,2.74
200906,4.71
200907,3.99
200908,3.83
200909,3.4
200910,3.81
200911,1.08
200912,0.98
201001,0.48
201002,0.86
201003,2.08
201004,2.62
201005,4.06
201006,4.7
201007,4.55
201008,2.93
201009,3.14
201010,0.69
201011,1.53
201012,0.2
201101,0.46
201102,1.09
201103,1.11
201104,1.86
201105,3.44
201106,2.66
201107,2.59
201108,3.33
201109,1.27
201110,1.6
201111,2.5
201112,2.26
201201,0.07
201202,1.81
201203,2.45
201204,3.08
201205,1.47
201206,2.16
201207,1.28
201208,2.61
201209,2.09
201210,1.14
201211,0.58
201212,0.55
201301,0.84
201302,1.63
201303,1.21
201304,2.44
201305,3.96
201306,2.78
201307,4.46
201308,4.91
201309,2.74
201310,2.64
201311,1.03
201312,0.39
201401,0.24
201402,0.75
201403,0.48
201404,1.59
201405,1.98
201406,7.58
201407,2.39
201408,3.06
201409,2.98
201410,2.75
201411,0.29
201412,1.34
201501,0.37
201502,0.83
201503,0.49
201504,2.76
201505,8.28
201506,3.34
201507,4.93
201508,2.95
201509,1.58
201510,1.78
201511,3.1
201512,2.36
201601,0.48
201602,0.55
201603,0.77
201604,5.34
201605,4.58
201606,2.3
201607,5.05
201608,4.9
201609,4.11
201610,1.44
201611,0.47
201612,0.69
201701,1.56
201702,0.24
201703,2.79
201704,5.07
201705,4.83
201706,3.2
201707,2.39
201708,3.56
201709,2.39
201710,2.73
201711,0.16
201712,0.11
201801,0.39
201802,0.6
201803,1.02
201804,1.21
201805,4.1
201806,3.82
201807,4.19
201808,4.33
201809,3.33
201810,5.86
201811,0.81
201812,2.19
201901,1.03
201902,1.02
201903,2.12
201904,1.67
201905,10.51
201906,4.45
201907,2.32
201908,7
201909,2.02
201910,1.96
201911,0.65
201912,1.28
202001,1.33
202002,1.29
202003,2.06
202004,1.37
202005,4.09
202006,2.73
202007,6.32
202008,1.68
202009,1.65
202010,1.09
202011,1.31
202012,0.93
202101,1.38
202102,0.22
202103,4.04
202104,1.51
202105,5.56
202106,2.8
202107,2.8
202108,2.53
202109,2.77
202110,3.05
202111,0.39
202112,0.2
202201,0.37
202202,0.37
202203,2.16
202204,0.98
202205,5.35
202206,3.47
202207,3.01
202208,1.23
202209,1.36
202210,0.71
202211,1.49
202212,0.74
202301,1.07
202302,1.1
202303,0.57
202304,1.32
202305,3.61
202306,4.01
202307,4.41
202308,2.89
202309,1.63
202310,1.86
202311,0.97
202312,2.16
202401,1.29
202402,0.94
202403,0.94
202404,2.31
202405,4.04
202406,4.47
202407,2.88
202408,3.47
202409,1.62
202410,0.91
202411,4.36
202412,0.19
202501,0.83
202502,0.38
202503,0.89
202504,3.06
202505,3.92
202506,5.36
202507,4.24
202508,3.67
202509,3.57
202510,1.95
202511,1.52
202512,0.09
