# &quot;Oklahoma Precipitation&quot;
# Units: Inches
Date,Value
198101,0.26
198102,1.49
198103,2.55
198104,2.17
198105,5.4
198106,4.17
198107,3.83
198108,3.19
198109,2.03
198110,7.06
198111,2.82
198112,0.28
198201,2.47
198202,1.27
198203,1.71
198204,1.7
198205,10.38
198206,4.97
198207,2.94
198208,1.2
198209,1.35
198210,1.44
198211,3.27
198212,2.94
198301,1.2
198302,2.44
198303,2.87
198304,2.72
198305,5.93
198306,4.08
198307,0.81
198308,1.46
198309,1.91
198310,6.36
198311,2.27
198312,0.97
198401,0.66
198402,1.94
198403,4.23
198404,2.76
198405,3.09
198406,3.03
198407,1.25
198408,1.73
198409,2.07
198410,5.76
198411,2.76
198412,4.87
198501,1.69
198502,3.6
198503,4.8
198504,4.65
198505,2.6
198506,5.7
198507,1.97
198508,2.62
198509,4.39
198510,5.53
198511,3.6
198512,1.11
198601,0.03
198602,1.5
198603,1.48
198604,3.88
198605,5.54
198606,4.61
198607,1.62
198608,4.12
198609,7.06
198610,5.96
198611,3.44
198612,1.14
198701,2.13
198702,3.62
198703,3.07
198704,0.71
198705,7.92
198706,4.08
198707,2.8
198708,3.31
198709,4.45
198710,1.67
198711,2.96
198712,4.56
198801,1.23
198802,0.75
198803,4.26
198804,3.85
198805,1.23
198806,2.1
198807,3.43
198808,1.64
198809,5.04
198810,1.73
198811,2.72
198812,1.43
198901,1.86
198902,2.6
198903,2.98
198904,0.55
198905,5.8
198906,7.78
198907,3.18
198908,3.83
198909,4.59
198910,1.64
198911,0.16
198912,0.42
199001,2.99
199002,3.85
199003,5.7
199004,6.03
199005,6.58
199006,1.89
199007,3.01
199008,2.29
199009,4.49
199010,1.91
199011,2.67
199012,1.85
199101,1.51
199102,0.33
199103,1.95
199104,3.32
199105,5.1
199106,4.28
199107,2.67
199108,2.65
199109,4.82
199110,4.41
199111,2.85
199112,4.83
199201,1.31
199202,1.24
199203,1.92
199204,3.09
199205,4.53
199206,7.17
199207,4.4
199208,3.93
199209,3.67
199210,0.78
199211,5.57
199212,3.83
199301,2.18
199302,2.95
199303,2.78
199304,4.03
199305,7.42
199306,3.66
199307,1.76
199308,2.97
199309,5.47
199310,2.07
199311,1.89
199312,2
199401,0.92
199402,1.77
199403,2.85
199404,4.66
199405,3.98
199406,1.96
199407,4.51
199408,2.87
199409,2.4
199410,3.45
199411,5.47
199412,1.43
199501,1.96
199502,0.45
199503,3.03
199504,4.35
199505,6.99
199506,6.39
199507,3.26
199508,2.91
199509,4.98
199510,1.09
199511,0.5
199512,1.9
199601,0.92
199602,0.18
199603,1.93
199604,2.2
199605,2.42
199606,3.79
199607,5.93
199608,5.54
199609,5.86
199610,2.6
199611,5.32
199612,0.59
199701,0.48
199702,4.12
199703,1.21
199704,5.48
199705,3.7
199706,4.33
199707,2.54
199708,4.7
199709,3.07
199710,4.02
199711,1.68
199712,3.98
199801,3.54
199802,1.48
199803,5.37
199804,2.55
199805,2.52
199806,1.8
199807,2.44
199808,1.53
199809,3.07
199810,6.69
199811,3.29
199812,1.9
199901,2.13
199902,0.88
199903,4.12
199904,5.86
199905,5.45
199906,6.32
199907,1.38
199908,1.44
199909,3.86
199910,1.9
199911,0.83
199912,3.1
200001,1.15
200002,1.53
200003,4.3
200004,2.57
200005,4.34
200006,7.11
200007,2.54
200008,0.12
200009,1.09
200010,6.45
200011,3.76
200012,1.97
200101,2.22
200102,4.11
200103,1.52
200104,1.37
200105,7.38
200106,2.34
200107,0.92
200108,2.32
200109,3.79
200110,2.21
200111,1.75
200112,2.05
200201,2.16
200202,1.06
200203,2.7
200204,4.14
200205,3.56
200206,3.69
200207,3.48
200208,3.15
200209,2.33
200210,5.11
200211,0.63
200212,3
200301,0.07
200302,1.78
200303,2.01
200304,1.88
200305,3.71
200306,5.17
200307,0.91
200308,4.41
200309,3.08
200310,1.67
200311,1.99
200312,1.19
200401,2.18
200402,1.69
200403,3.95
200404,3.65
200405,1.56
200406,6.52
200407,4.64
200408,2.88
200409,1.23
200410,5.11
200411,5.96
200412,0.82
200501,3.5
200502,1.67
200503,1.18
200504,1.37
200505,2.6
200506,4.3
200507,3
200508,5.13
200509,2.07
200510,2.01
200511,0.46
200512,0.27
200601,0.94
200602,0.3
200603,3.16
200604,3.35
200605,3.16
200606,2.65
200607,1.79
200608,3.2
200609,2.41
200610,2.85
200611,2.45
200612,3.55
200701,2.16
200702,0.93
200703,4.23
200704,2.81
200705,7.05
200706,9.51
200707,4.48
200708,3.2
200709,3.05
200710,3.04
200711,0.48
200712,2.63
200801,0.51
200802,2.42
200803,4.68
200804,4.58
200805,4.8
200806,5.59
200807,2.44
200808,4.75
200809,3.63
200810,2.92
200811,1.06
200812,0.93
200901,0.66
200902,1.16
200903,2.58
200904,4.82
200905,4.98
200906,2.49
200907,3.88
200908,3.79
200909,4.6
200910,6.96
200911,0.73
200912,1.39
201001,1.86
201002,1.92
201003,2.03
201004,2.63
201005,4.8
201006,4.12
201007,4.46
201008,1.69
201009,4.13
201010,1.67
201011,1.87
201012,0.86
201101,0.28
201102,1.57
201103,0.74
201104,3.49
201105,4.47
201106,1.17
201107,0.79
201108,2.36
201109,1.72
201110,2.79
201111,4.38
201112,2.48
201201,1.86
201202,1.86
201203,4.56
201204,3.45
201205,2.15
201206,2.45
201207,1.16
201208,2.42
201209,2.94
201210,1.2
201211,0.63
201212,1.02
201301,1.77
201302,3.24
201303,1.59
201304,3.81
201305,4.73
201306,3.87
201307,5.28
201308,3.34
201309,2.58
201310,3.1
201311,1.72
201312,1.67
201401,0.33
201402,0.49
201403,1.74
201404,1.69
201405,3.14
201406,5.71
201407,4.57
201408,1.55
201409,2.57
201410,3.44
201411,2.2
201412,1.44
201501,1.21
201502,1.18
201503,2.41
201504,4.85
201505,14.44
201506,4.81
201507,5.43
201508,2.45
201509,2.07
201510,3.26
201511,6.05
201512,5.56
201601,0.5
201602,1.02
201603,2.47
201604,6.05
201605,3.86
201606,3.26
201607,3.72
201608,2.9
201609,3.53
201610,1.87
201611,1.25
201612,0.76
201701,2.59
201702,2.05
201703,2.6
201704,6.62
201705,4.49
201706,2.57
201707,3.85
201708,6.42
201709,2.57
201710,3.62
201711,0.26
201712,0.97
201801,0.53
201802,4.09
201803,2.1
201804,2.18
201805,3.92
201806,3.7
201807,3.26
201808,4.27
201809,5.5
201810,6.55
201811,1.09
201812,3.82
201901,2.1
201902,1.48
201903,2.63
201904,3.91
201905,11.61
201906,5.09
201907,1.83
201908,5.14
201909,3.01
201910,4.75
201911,2.34
201912,1.09
202001,3.6
202002,1.83
202003,5.17
202004,2.92
202005,5.07
202006,2.09
202007,4.75
202008,2.79
202009,4.4
202010,3.21
202011,1.1
202012,2.28
202101,2.25
202102,0.8
202103,3.19
202104,3.44
202105,5.6
202106,5.04
202107,3.68
202108,2.56
202109,1.09
202110,4.2
202111,0.9
202112,0.87
202201,0.65
202202,1.7
202203,2.59
202204,2.65
202205,6.29
202206,3.71
202207,1.61
202208,2.16
202209,0.79
202210,2.85
202211,2.66
202212,1.91
202301,1.28
202302,2.49
202303,3.09
202304,2.36
202305,4.15
202306,4.45
202307,5.77
202308,2.32
202309,2.74
202310,4.04
202311,1.07
202312,3.17
202401,2.39
202402,1.26
202403,2.22
202404,3.85
202405,5.6
202406,3.39
202407,3.26
202408,2.63
202409,1.61
202410,0.77
202411,7.93
202412,1.54
202501,1.25
202502,0.68
202503,2.02
202504,8.13
202505,6.21
202506,6.93
202507,2.93
202508,4.38
202509,2.34
202510,2.62
202511,1.87
202512,0.1
