year,forecast_at,target,actual,eligible,n_train,reason,weather,satellite,placebo,training_first_year,training_last_year,mean,persistence,trend,official_june_yield,official_may_yield,state
2000,2000-06-15,yield,37.0,True,17,,38.8947944644174,43.179263755644854,37.93799544990063,1983.0,1999.0,36.64705882352941,47.0,39.50367647058824,42.0,44.0,KS
2001,2001-06-15,yield,40.0,True,18,,40.468995258161584,39.058702025133144,38.65633205896542,1983.0,2000.0,36.666666666666664,37.0,39.26470588235296,34.0,34.0,KS
2002,2002-06-15,yield,33.0,True,19,,37.19736973590123,37.383111365644325,41.538392621904784,1983.0,2001.0,36.8421052631579,40.0,39.69298245614035,35.0,37.0,KS
2003,2003-06-15,yield,48.0,False,20,Incomplete or unavailable features,,,,,,,,,,,KS
2004,2004-06-15,yield,37.0,False,20,Incomplete or unavailable features,,,,,,,,,,,KS
2005,2005-06-15,yield,40.0,False,20,Incomplete or unavailable features,,,,,,,,,,,KS
2006,2006-06-15,yield,32.0,True,20,,36.64872854710947,36.99505131047497,34.23179725403355,1983.0,2002.0,36.65,40.0,39.20789473684209,31.0,34.0,KS
2007,2007-06-15,yield,33.0,True,21,,38.822761271907574,39.40745655256634,36.83017217506813,1983.0,2006.0,36.42857142857143,32.0,37.522742759795555,38.0,38.0,KS
2008,2008-06-15,yield,40.0,True,22,,37.10455752523908,36.88210948960706,36.71403574200892,1983.0,2007.0,36.27272727272727,33.0,36.563208931986985,38.0,38.0,KS
2009,2009-06-15,yield,42.0,True,23,,38.587286653525325,37.219404265593504,39.48941219964262,1983.0,2008.0,36.43478260869565,40.0,37.29517813707254,40.0,40.0,KS
2010,2010-06-15,yield,45.0,True,24,,40.93277806553786,39.45186795623313,40.30885339346753,1983.0,2009.0,36.666666666666664,42.0,38.24589201877935,43.0,42.0,KS
2011,2011-06-15,yield,35.0,True,25,,39.97194027655774,39.940930420574865,41.95555511059649,1983.0,2010.0,37.0,45.0,39.53685819070905,34.0,34.0,KS
2012,2012-06-15,yield,42.0,True,26,,35.305782105597316,35.811091648069926,37.234874492185035,1983.0,2011.0,36.92307692307692,35.0,38.95738161559891,43.0,43.0,KS
2013,2013-06-15,yield,38.0,True,27,,39.33252996465295,39.35241256368214,35.26644801940485,1983.0,2012.0,37.111111111111114,42.0,39.55574912891984,38.0,37.0,KS
2014,2014-06-15,yield,28.0,True,28,,37.55678214379289,37.849036434923065,38.70688066946505,1983.0,2013.0,37.142857142857146,38.0,39.47914773759764,29.0,31.0,KS
2015,2015-06-15,yield,37.0,True,29,,37.790506280453684,35.52028670157973,38.3083914720668,1983.0,2014.0,36.827586206896555,28.0,38.02465528562046,37.0,32.0,KS
2016,2016-06-15,yield,57.0,True,30,,39.9391765672552,38.85362548172953,40.81971873244309,1983.0,2015.0,36.833333333333336,37.0,37.958870736600765,48.0,43.0,KS
2017,2017-06-15,yield,48.0,True,31,,45.17817667668578,44.06530104978273,45.906695022099214,1983.0,2016.0,37.483870967741936,57.0,40.44262988320581,44.0,42.0,KS
2018,2018-06-15,yield,38.0,True,32,,38.95341244825534,38.65364744657052,39.98299674018039,1983.0,2017.0,37.8125,48.0,41.53009884795904,37.0,37.0,KS
2019,2019-06-15,yield,52.0,True,33,,47.04067112900685,47.06520035145918,48.340292627716664,1983.0,2018.0,37.81818181818182,38.0,41.31743234292201,50.0,49.0,KS
2020,2020-06-15,yield,45.0,True,34,,42.64804981277453,42.539817971566016,43.83786980415834,1983.0,2019.0,38.23529411764706,52.0,42.71539218096878,49.0,47.0,KS
2021,2021-06-15,yield,52.0,True,35,,43.47986309886003,43.29553238791151,44.149487837217464,1983.0,2020.0,38.42857142857143,45.0,43.19858623939679,52.0,48.0,KS
2022,2022-06-15,yield,37.0,True,36,,43.658718030176004,43.48320232138776,44.624179303903155,1983.0,2021.0,38.80555555555556,52.0,44.37578680203045,39.0,39.0,KS
2023,2023-06-15,yield,35.0,True,37,,38.579773882872416,38.2022457789945,39.128079204974675,1983.0,2022.0,38.75675675675676,37.0,43.891736003169655,29.0,29.0,KS
2024,2024-06-15,yield,43.0,True,38,,41.55549894321358,41.64516289425166,43.670279947744326,1983.0,2023.0,38.6578947368421,35.0,43.2505150949197,40.0,38.0,KS
2025,2025-06-15,yield,51.0,True,39,,42.98295471616145,42.94942222505981,42.25710530953116,1983.0,2024.0,38.76923076923077,43.0,43.44400099775507,51.0,50.0,KS
