year,forecast_at,target,actual,eligible,n_train,reason,weather,satellite,placebo,training_first_year,training_last_year,mean,persistence,trend,state
2000,2000-06-15,production_per_planted_acre,35.48979591836735,True,17,,35.01222802521487,38.88723455999105,33.90679797542194,1983.0,1999.0,32.99457734418881,43.24,37.05871528254303,KS
2001,2001-06-15,production_per_planted_acre,33.46938775510204,True,18,,38.04979089249167,35.03085969665681,35.91898025446256,1983.0,2000.0,33.13320059830984,35.48979591836735,37.16163741698779,KS
2002,2002-06-15,production_per_planted_acre,27.896907216494846,True,19,,33.60095608475665,33.915399527853936,39.0875782825657,1983.0,2001.0,33.15089465919364,33.46938775510204,36.80836767960952,KS
2003,2003-06-15,production_per_planted_acre,45.714285714285715,False,20,Incomplete or unavailable features,,,,,,,,,KS
2004,2004-06-15,production_per_planted_acre,31.45,False,20,Incomplete or unavailable features,,,,,,,,,KS
2005,2005-06-15,production_per_planted_acre,38.0,False,20,Incomplete or unavailable features,,,,,,,,,KS
2006,2006-06-15,production_per_planted_acre,29.714285714285715,True,20,,33.907692981391065,35.33030043836388,30.345344431583747,1983.0,2002.0,32.8881952870587,38.0,36.10714506101944,KS
2007,2007-06-15,production_per_planted_acre,27.28846153846154,True,21,,37.24906144457898,37.540619078379585,34.22817062539451,1983.0,2006.0,32.73705673597427,29.714285714285715,34.68293412073256,KS
2008,2008-06-15,production_per_planted_acre,37.11340206185567,True,22,,33.10443999391446,33.0195989649024,31.995373920878652,1983.0,2007.0,32.48939331790551,27.28846153846154,33.1254681560476,KS
2009,2009-06-15,production_per_planted_acre,40.41935483870968,True,23,,34.784115998998985,33.65107102467747,36.2643191987611,1983.0,2008.0,32.69043717633813,37.11340206185567,33.99583666675455,KS
2010,2010-06-15,production_per_planted_acre,43.373493975903614,True,24,,36.538813480559114,35.0205675440243,36.440671713673034,1983.0,2009.0,33.01247541227028,40.41935483870968,35.302797873219625,KS
2011,2011-06-15,production_per_planted_acre,31.619318181818183,True,25,,36.00557290917493,36.712327846420216,39.612722833799516,1983.0,2010.0,33.42691615481561,43.373493975903614,36.872297724746744,KS
2012,2012-06-15,production_per_planted_acre,40.659574468085104,True,26,,33.93932526713613,35.66260452897188,36.16054794076869,1983.0,2011.0,33.35739315585417,31.619318181818183,36.23434656216722,KS
2013,2013-06-15,production_per_planted_acre,33.8,True,27,,35.95323217192852,35.9880805279974,30.919726675411475,1983.0,2012.0,33.62784431556642,40.659574468085104,37.09944816520506,KS
2014,2014-06-15,production_per_planted_acre,25.666666666666668,True,28,,33.50181783236237,35.00202986276049,35.03452497679087,1983.0,2013.0,33.63399273286762,33.8,36.83139475030138,KS
2015,2015-06-15,production_per_planted_acre,34.98913043478261,True,29,,36.235101518253124,33.20185123725132,36.57168719802231,1983.0,2014.0,33.359257351274486,25.666666666666668,35.472327205315615,KS
2016,2016-06-15,production_per_planted_acre,54.98823529411764,True,30,,38.523734227818764,36.77207577067997,39.950954966947975,1983.0,2015.0,33.41358645405809,34.98913043478261,35.53202936044528,KS
2017,2017-06-15,production_per_planted_acre,43.89473684210526,True,31,,42.17900314058589,40.442544959669604,43.71480974182875,1983.0,2016.0,34.109542868253556,54.98823529411764,38.125267281113786,KS
2018,2018-06-15,production_per_planted_acre,36.02597402597402,True,32,,35.27642051807912,34.62861548238503,36.59803896392887,1983.0,2017.0,34.41533017993643,43.89473684210526,39.05342490069779,KS
2019,2019-06-15,production_per_planted_acre,49.070422535211264,True,33,,44.48428930747757,43.788890188895515,46.30269627346547,1983.0,2018.0,34.464137569210294,36.02597402597402,38.94994276683802,KS
2020,2020-06-15,production_per_planted_acre,42.61363636363637,True,34,,39.17812739568316,39.23260934453205,41.286733921805094,1983.0,2019.0,34.89373418585738,49.070422535211264,40.33655555471424,KS
2021,2021-06-15,production_per_planted_acre,49.863013698630134,True,35,,40.701242377120565,40.823680018909876,41.73108660640638,1983.0,2020.0,35.11430281950821,42.61363636363637,40.868897264744355,KS
2022,2022-06-15,production_per_planted_acre,33.45205479452055,True,36,,40.85212143390076,40.441062609704574,42.423873579138444,1983.0,2021.0,35.52398923281715,49.863013698630134,42.116516969525875,KS
2023,2023-06-15,production_per_planted_acre,24.84567901234568,True,37,,36.203273770709146,35.216104725371906,36.64102235443312,1983.0,2022.0,35.46799100475508,33.45205479452055,41.550328102013644,KS
2024,2024-06-15,production_per_planted_acre,40.453947368421055,True,38,,38.22590019968413,38.02247140923821,40.137698968647264,1983.0,2023.0,35.18845647863905,24.84567901234568,40.17282734404042,KS
2025,2025-06-15,production_per_planted_acre,47.50684931506849,True,39,,40.12133253418474,40.149149113511164,39.10373456351792,1983.0,2024.0,35.32346906555653,40.453947368421055,40.4366604267952,KS
