year,forecast_at,target_month,eligible,reason,coverage,prior_area_footprint,is_september,weather_anomaly_bu_acre,ndvi_increment_bu_acre,target_yield_bu_acre,target_available_at,target_report_date,label_revision_bu_acre,usda_report_date,usda_published_at,usda_yield_bu_acre,harvested_area_m_acres,usda_production_m_bu,usda_ending_stocks_m_bu,total_use_m_bu
2013,2013-08-15 12:00:00+00:00,2013-09,True,,0.815662145617,0.789357981595,0,7.05855516051,-0.222612882006,155.3,2013-09-12 16:00:00+00:00,2013-09-12,0.9,2013-08-12,2013-08-12 16:00:00+00:00,154.4,89.1,13763,1837,12675
2013,2013-09-15 12:00:00+00:00,2013-10,True,,0.815738997345,0.789432354943,1,7.54345043248,1.1299241,,,,,2013-09-12,2013-09-12 16:00:00+00:00,155.3,89.1,13843,1855,12675
2014,2014-08-15 12:00:00+00:00,2014-09,True,,0.99381766142,0.917065260418,0,7.55881399363,-0.0201367199044,171.7,2014-09-11 16:00:00+00:00,2014-09-11,4.3,2014-08-12,2014-08-12 16:00:00+00:00,167.4,83.8,14032,1808,13435
2014,2014-09-15 12:00:00+00:00,2014-10,True,,0.99381766142,0.917065260418,1,6.38171743551,0.771484249841,174.2,2014-10-10 16:00:00+00:00,2014-10-10,2.5,2014-09-11,2014-09-11 16:00:00+00:00,171.7,83.8,14395,2002,13605
2015,2015-08-15 12:00:00+00:00,2015-09,True,,0.992827642977,0.920795002077,0,8.3939825465,0.139869987261,167.5,2015-09-11 16:00:00+00:00,2015-09-11,-1.3,2015-08-12,2015-08-12 16:00:00+00:00,168.8,81.1,13686,1713,13775
2015,2015-09-15 12:00:00+00:00,2015-10,True,,0.995542125011,0.92331254025,1,9.11359515175,0.357126528662,168,2015-10-09 16:00:00+00:00,2015-10-09,0.5,2015-09-11,2015-09-11 16:00:00+00:00,167.5,81.1,13585,1592,13755
2016,2016-08-15 12:00:00+00:00,2016-09,True,,0.998255304575,0.898977618421,0,-1.81670520064,1.29290263217,174.4,2016-09-12 16:00:00+00:00,2016-09-12,-0.7,2016-08-12,2016-08-12 16:00:00+00:00,175.1,86.6,15153,2409,14500
2016,2016-09-15 12:00:00+00:00,2016-10,True,,0.998255304575,0.898977618421,1,-0.974366089172,0.360513625796,173.4,2016-10-12 16:00:00+00:00,2016-10-12,-1,2016-09-12,2016-09-12 16:00:00+00:00,174.4,86.6,15093,2384,14475
2017,2017-08-15 12:00:00+00:00,2017-09,True,,0.996248341562,0.907859890295,0,-0.380913691083,0.717960144904,169.9,2017-09-12 16:00:00+00:00,2017-09-12,0.4,2017-08-10,2017-08-10 16:00:00+00:00,169.5,83.5,14153,2273,14300
2017,2017-09-15 12:00:00+00:00,2017-10,True,,0.996248341562,0.907859890295,1,0.0770987149681,1.19013583758,171.8,2017-10-12 16:00:00+00:00,2017-10-12,1.9,2017-09-12,2017-09-12 16:00:00+00:00,169.9,83.5,14184,2335,14250
2018,2018-08-15 12:00:00+00:00,2018-09,True,,0.97982849903,0.895237081244,0,5.73662752866,0.945563628981,181.3,2018-09-12 16:00:00+00:00,2018-09-12,2.9,2018-08-10,2018-08-10 16:00:00+00:00,178.4,81.8,14586,1684,14980
2018,2018-09-15 12:00:00+00:00,2018-10,True,,0.85797839767,0.783906650256,1,5.90457767038,0.357746243631,180.7,2018-10-11 16:00:00+00:00,2018-10-11,-0.6,2018-09-12,2018-09-12 16:00:00+00:00,181.3,81.8,14827,1774,15105
2019,2019-08-15 12:00:00+00:00,2019-09,True,,0.997118051908,0.837683696924,0,1.76427176274,-1.28431894904,168.2,2019-09-12 16:00:00+00:00,2019-09-12,-1.3,2019-08-12,2019-08-12 16:00:00+00:00,169.5,82,13901,2181,14130
2019,2019-09-15 12:00:00+00:00,2019-10,True,,0.997118051908,0.837683696924,1,2.72038150318,-1.01600328822,168.4,2019-10-10 16:00:00+00:00,2019-10-10,0.2,2019-09-12,2019-09-12 16:00:00+00:00,168.2,82,13799,2190,14105
2020,2020-08-15 12:00:00+00:00,2020-09,True,,0.9981880328,0.771064993865,0,0.619819542994,1.20724260191,178.5,2020-09-11 16:00:00+00:00,2020-09-11,-3.3,2020-08-12,2020-08-12 16:00:00+00:00,181.8,84,15278,2756,14775
2020,2020-09-15 12:00:00+00:00,2020-10,True,,0.9981880328,0.771064993865,1,0.358265835987,0.328670657643,178.4,2020-10-09 16:00:00+00:00,2020-10-09,-0.1,2020-09-11,2020-09-11 16:00:00+00:00,178.5,83.5,14900,2503,14675
2021,2021-08-15 12:00:00+00:00,2021-09,True,,0.997407807209,0.95044826502,0,4.42325749363,0.690807238854,176.3,2021-09-10 16:00:00+00:00,2021-09-10,1.7,2021-08-12,2021-08-12 16:00:00+00:00,174.6,84.5,14750,1242,14650
2021,2021-09-15 12:00:00+00:00,2021-10,True,,0.997273351042,0.950320139262,1,3.67655530732,0.841788906051,176.5,2021-10-12 16:00:00+00:00,2021-10-12,0.2,2021-09-10,2021-09-10 16:00:00+00:00,176.3,85.1,14996,1408,14800
2022,2022-08-15 12:00:00+00:00,2022-09,True,,0.997894531279,0.797036239413,0,-2.45766654777,0.440689957006,172.5,2022-09-12 16:00:00+00:00,2022-09-12,-2.9,2022-08-12,2022-08-12 16:00:00+00:00,175.4,81.8,14359,1388,14525
2022,2022-09-15 12:00:00+00:00,2022-10,True,,0.997831342294,0.796985769239,1,-2.35639875159,1.42251869904,171.9,2022-10-12 16:00:00+00:00,2022-10-12,-0.6,2022-09-12,2022-09-12 16:00:00+00:00,172.5,80.8,13944,1219,14275
2023,2023-08-15 12:00:00+00:00,2023-09,True,,0.995028603209,0.897298374342,0,2.63118506051,0.900951530255,173.8,2023-09-12 16:00:00+00:00,2023-09-12,-1.3,2023-08-11,2023-08-11 16:00:00+00:00,175.1,86.3,15111,2202,14390
2023,2023-09-15 12:00:00+00:00,2023-10,True,,0.995028603209,0.897298374342,1,2.81253521338,1.32221576911,173,2023-10-12 16:00:00+00:00,2023-10-12,-0.8,2023-09-12,2023-09-12 16:00:00+00:00,173.8,87.1,15134,2221,14390
