year,forecast_at,strategy,direction,status,reason,symbol,asset_kind,issue_at,entry,exit,entry_at,exit_at,entry_adjusted_close,exit_adjusted_close,holding_sessions,holding_calendar_days,asset_return,gross_return,execution_cost,borrow_cost,net_return,bankrupt,entry_cost_bps,exit_cost_bps,short_borrow_rate,notional_fraction,paper_only,snapshot_as_of_utc,double_cost_net_return
2018,2018-08-15T12:00:00+00:00,usda,0,cash,,CORN,corn_futures_etf_proxy,2018-08-15T12:00:00+00:00,2018-08-16,2018-09-14,2018-08-16T20:00:00+00:00,2018-09-14T20:00:00+00:00,16.7800006866,15.7100000381,20,29,-0.0637664245956,-0,0,0,-0,False,25,25,0.03,0,True,2026-09-27T22:52:00.936236+00:00,-0
2018,2018-08-15T12:00:00+00:00,bias,-1,executed,,CORN,corn_futures_etf_proxy,2018-08-15T12:00:00+00:00,2018-08-16,2018-09-14,2018-08-16T20:00:00+00:00,2018-09-14T20:00:00+00:00,16.7800006866,15.7100000381,20,29,-0.0637664245956,0.0637664245956,0.005,0.00238356164384,0.0563828629517,False,25,25,0.03,1,True,2026-09-27T22:52:00.936236+00:00,0.0513828629517
2018,2018-08-15T12:00:00+00:00,weather,-1,executed,,CORN,corn_futures_etf_proxy,2018-08-15T12:00:00+00:00,2018-08-16,2018-09-14,2018-08-16T20:00:00+00:00,2018-09-14T20:00:00+00:00,16.7800006866,15.7100000381,20,29,-0.0637664245956,0.0637664245956,0.005,0.00238356164384,0.0563828629517,False,25,25,0.03,1,True,2026-09-27T22:52:00.936236+00:00,0.0513828629517
2018,2018-08-15T12:00:00+00:00,satellite,-1,executed,,CORN,corn_futures_etf_proxy,2018-08-15T12:00:00+00:00,2018-08-16,2018-09-14,2018-08-16T20:00:00+00:00,2018-09-14T20:00:00+00:00,16.7800006866,15.7100000381,20,29,-0.0637664245956,0.0637664245956,0.005,0.00238356164384,0.0563828629517,False,25,25,0.03,1,True,2026-09-27T22:52:00.936236+00:00,0.0513828629517
2018,2018-08-15T12:00:00+00:00,always_long,1,executed,,CORN,corn_futures_etf_proxy,2018-08-15T12:00:00+00:00,2018-08-16,2018-09-14,2018-08-16T20:00:00+00:00,2018-09-14T20:00:00+00:00,16.7800006866,15.7100000381,20,29,-0.0637664245956,-0.0637664245956,0.005,0,-0.0687664245956,False,25,25,0.03,1,True,2026-09-27T22:52:00.936236+00:00,-0.0737664245956
2018,2018-08-15T12:00:00+00:00,always_short,-1,executed,,CORN,corn_futures_etf_proxy,2018-08-15T12:00:00+00:00,2018-08-16,2018-09-14,2018-08-16T20:00:00+00:00,2018-09-14T20:00:00+00:00,16.7800006866,15.7100000381,20,29,-0.0637664245956,0.0637664245956,0.005,0.00238356164384,0.0563828629517,False,25,25,0.03,1,True,2026-09-27T22:52:00.936236+00:00,0.0513828629517
2018,2018-09-15T12:00:00+00:00,usda,0,cash,,CORN,corn_futures_etf_proxy,2018-09-15T12:00:00+00:00,2018-09-17,2018-10-15,2018-09-17T20:00:00+00:00,2018-10-15T20:00:00+00:00,15.5900001526,16.6200008392,20,28,0.0660680357001,0,0,0,0,False,25,25,0.03,0,True,2026-09-27T22:52:00.936236+00:00,0
2018,2018-09-15T12:00:00+00:00,bias,-1,executed,,CORN,corn_futures_etf_proxy,2018-09-15T12:00:00+00:00,2018-09-17,2018-10-15,2018-09-17T20:00:00+00:00,2018-10-15T20:00:00+00:00,15.5900001526,16.6200008392,20,28,0.0660680357001,-0.0660680357001,0.005,0.00230136986301,-0.0733694055631,False,25,25,0.03,1,True,2026-09-27T22:52:00.936236+00:00,-0.0783694055631
2018,2018-09-15T12:00:00+00:00,weather,-1,executed,,CORN,corn_futures_etf_proxy,2018-09-15T12:00:00+00:00,2018-09-17,2018-10-15,2018-09-17T20:00:00+00:00,2018-10-15T20:00:00+00:00,15.5900001526,16.6200008392,20,28,0.0660680357001,-0.0660680357001,0.005,0.00230136986301,-0.0733694055631,False,25,25,0.03,1,True,2026-09-27T22:52:00.936236+00:00,-0.0783694055631
2018,2018-09-15T12:00:00+00:00,satellite,-1,executed,,CORN,corn_futures_etf_proxy,2018-09-15T12:00:00+00:00,2018-09-17,2018-10-15,2018-09-17T20:00:00+00:00,2018-10-15T20:00:00+00:00,15.5900001526,16.6200008392,20,28,0.0660680357001,-0.0660680357001,0.005,0.00230136986301,-0.0733694055631,False,25,25,0.03,1,True,2026-09-27T22:52:00.936236+00:00,-0.0783694055631
2018,2018-09-15T12:00:00+00:00,always_long,1,executed,,CORN,corn_futures_etf_proxy,2018-09-15T12:00:00+00:00,2018-09-17,2018-10-15,2018-09-17T20:00:00+00:00,2018-10-15T20:00:00+00:00,15.5900001526,16.6200008392,20,28,0.0660680357001,0.0660680357001,0.005,0,0.0610680357001,False,25,25,0.03,1,True,2026-09-27T22:52:00.936236+00:00,0.0560680357001
2018,2018-09-15T12:00:00+00:00,always_short,-1,executed,,CORN,corn_futures_etf_proxy,2018-09-15T12:00:00+00:00,2018-09-17,2018-10-15,2018-09-17T20:00:00+00:00,2018-10-15T20:00:00+00:00,15.5900001526,16.6200008392,20,28,0.0660680357001,-0.0660680357001,0.005,0.00230136986301,-0.0733694055631,False,25,25,0.03,1,True,2026-09-27T22:52:00.936236+00:00,-0.0783694055631
2019,2019-08-15T12:00:00+00:00,usda,0,cash,,CORN,corn_futures_etf_proxy,2019-08-15T12:00:00+00:00,2019-08-16,2019-09-16,2019-08-16T20:00:00+00:00,2019-09-16T20:00:00+00:00,15.1000003815,14.9899997711,20,31,-0.00728480844851,-0,0,0,-0,False,25,25,0.03,0,True,2026-09-27T22:52:00.936236+00:00,-0
2019,2019-08-15T12:00:00+00:00,bias,-1,executed,,CORN,corn_futures_etf_proxy,2019-08-15T12:00:00+00:00,2019-08-16,2019-09-16,2019-08-16T20:00:00+00:00,2019-09-16T20:00:00+00:00,15.1000003815,14.9899997711,20,31,-0.00728480844851,0.00728480844851,0.005,0.00254794520548,-0.000263136756965,False,25,25,0.03,1,True,2026-09-27T22:52:00.936236+00:00,-0.00526313675697
2019,2019-08-15T12:00:00+00:00,weather,-1,executed,,CORN,corn_futures_etf_proxy,2019-08-15T12:00:00+00:00,2019-08-16,2019-09-16,2019-08-16T20:00:00+00:00,2019-09-16T20:00:00+00:00,15.1000003815,14.9899997711,20,31,-0.00728480844851,0.00728480844851,0.005,0.00254794520548,-0.000263136756965,False,25,25,0.03,1,True,2026-09-27T22:52:00.936236+00:00,-0.00526313675697
2019,2019-08-15T12:00:00+00:00,satellite,0,cash,,CORN,corn_futures_etf_proxy,2019-08-15T12:00:00+00:00,2019-08-16,2019-09-16,2019-08-16T20:00:00+00:00,2019-09-16T20:00:00+00:00,15.1000003815,14.9899997711,20,31,-0.00728480844851,-0,0,0,-0,False,25,25,0.03,0,True,2026-09-27T22:52:00.936236+00:00,-0
2019,2019-08-15T12:00:00+00:00,always_long,1,executed,,CORN,corn_futures_etf_proxy,2019-08-15T12:00:00+00:00,2019-08-16,2019-09-16,2019-08-16T20:00:00+00:00,2019-09-16T20:00:00+00:00,15.1000003815,14.9899997711,20,31,-0.00728480844851,-0.00728480844851,0.005,0,-0.0122848084485,False,25,25,0.03,1,True,2026-09-27T22:52:00.936236+00:00,-0.0172848084485
2019,2019-08-15T12:00:00+00:00,always_short,-1,executed,,CORN,corn_futures_etf_proxy,2019-08-15T12:00:00+00:00,2019-08-16,2019-09-16,2019-08-16T20:00:00+00:00,2019-09-16T20:00:00+00:00,15.1000003815,14.9899997711,20,31,-0.00728480844851,0.00728480844851,0.005,0.00254794520548,-0.000263136756965,False,25,25,0.03,1,True,2026-09-27T22:52:00.936236+00:00,-0.00526313675697
2019,2019-09-15T12:00:00+00:00,usda,0,cash,,CORN,corn_futures_etf_proxy,2019-09-15T12:00:00+00:00,2019-09-16,2019-10-14,2019-09-16T20:00:00+00:00,2019-10-14T20:00:00+00:00,14.9899997711,15.3800001144,20,28,0.0260173681973,0,0,0,0,False,25,25,0.03,0,True,2026-09-27T22:52:00.936236+00:00,0
2019,2019-09-15T12:00:00+00:00,bias,-1,executed,,CORN,corn_futures_etf_proxy,2019-09-15T12:00:00+00:00,2019-09-16,2019-10-14,2019-09-16T20:00:00+00:00,2019-10-14T20:00:00+00:00,14.9899997711,15.3800001144,20,28,0.0260173681973,-0.0260173681973,0.005,0.00230136986301,-0.0333187380603,False,25,25,0.03,1,True,2026-09-27T22:52:00.936236+00:00,-0.0383187380603
2019,2019-09-15T12:00:00+00:00,weather,-1,executed,,CORN,corn_futures_etf_proxy,2019-09-15T12:00:00+00:00,2019-09-16,2019-10-14,2019-09-16T20:00:00+00:00,2019-10-14T20:00:00+00:00,14.9899997711,15.3800001144,20,28,0.0260173681973,-0.0260173681973,0.005,0.00230136986301,-0.0333187380603,False,25,25,0.03,1,True,2026-09-27T22:52:00.936236+00:00,-0.0383187380603
2019,2019-09-15T12:00:00+00:00,satellite,0,cash,,CORN,corn_futures_etf_proxy,2019-09-15T12:00:00+00:00,2019-09-16,2019-10-14,2019-09-16T20:00:00+00:00,2019-10-14T20:00:00+00:00,14.9899997711,15.3800001144,20,28,0.0260173681973,0,0,0,0,False,25,25,0.03,0,True,2026-09-27T22:52:00.936236+00:00,0
2019,2019-09-15T12:00:00+00:00,always_long,1,executed,,CORN,corn_futures_etf_proxy,2019-09-15T12:00:00+00:00,2019-09-16,2019-10-14,2019-09-16T20:00:00+00:00,2019-10-14T20:00:00+00:00,14.9899997711,15.3800001144,20,28,0.0260173681973,0.0260173681973,0.005,0,0.0210173681973,False,25,25,0.03,1,True,2026-09-27T22:52:00.936236+00:00,0.0160173681973
2019,2019-09-15T12:00:00+00:00,always_short,-1,executed,,CORN,corn_futures_etf_proxy,2019-09-15T12:00:00+00:00,2019-09-16,2019-10-14,2019-09-16T20:00:00+00:00,2019-10-14T20:00:00+00:00,14.9899997711,15.3800001144,20,28,0.0260173681973,-0.0260173681973,0.005,0.00230136986301,-0.0333187380603,False,25,25,0.03,1,True,2026-09-27T22:52:00.936236+00:00,-0.0383187380603
2020,2020-08-15T12:00:00+00:00,usda,0,cash,,CORN,corn_futures_etf_proxy,2020-08-15T12:00:00+00:00,2020-08-17,2020-09-15,2020-08-17T20:00:00+00:00,2020-09-15T20:00:00+00:00,12.3199996948,12.8699998856,20,29,0.0446428737304,0,0,0,0,False,25,25,0.03,0,True,2026-09-27T22:52:00.936236+00:00,0
2020,2020-08-15T12:00:00+00:00,bias,-1,executed,,CORN,corn_futures_etf_proxy,2020-08-15T12:00:00+00:00,2020-08-17,2020-09-15,2020-08-17T20:00:00+00:00,2020-09-15T20:00:00+00:00,12.3199996948,12.8699998856,20,29,0.0446428737304,-0.0446428737304,0.005,0.00238356164384,-0.0520264353743,False,25,25,0.03,1,True,2026-09-27T22:52:00.936236+00:00,-0.0570264353743
2020,2020-08-15T12:00:00+00:00,weather,0,cash,,CORN,corn_futures_etf_proxy,2020-08-15T12:00:00+00:00,2020-08-17,2020-09-15,2020-08-17T20:00:00+00:00,2020-09-15T20:00:00+00:00,12.3199996948,12.8699998856,20,29,0.0446428737304,0,0,0,0,False,25,25,0.03,0,True,2026-09-27T22:52:00.936236+00:00,0
2020,2020-08-15T12:00:00+00:00,satellite,-1,executed,,CORN,corn_futures_etf_proxy,2020-08-15T12:00:00+00:00,2020-08-17,2020-09-15,2020-08-17T20:00:00+00:00,2020-09-15T20:00:00+00:00,12.3199996948,12.8699998856,20,29,0.0446428737304,-0.0446428737304,0.005,0.00238356164384,-0.0520264353743,False,25,25,0.03,1,True,2026-09-27T22:52:00.936236+00:00,-0.0570264353743
2020,2020-08-15T12:00:00+00:00,always_long,1,executed,,CORN,corn_futures_etf_proxy,2020-08-15T12:00:00+00:00,2020-08-17,2020-09-15,2020-08-17T20:00:00+00:00,2020-09-15T20:00:00+00:00,12.3199996948,12.8699998856,20,29,0.0446428737304,0.0446428737304,0.005,0,0.0396428737304,False,25,25,0.03,1,True,2026-09-27T22:52:00.936236+00:00,0.0346428737304
2020,2020-08-15T12:00:00+00:00,always_short,-1,executed,,CORN,corn_futures_etf_proxy,2020-08-15T12:00:00+00:00,2020-08-17,2020-09-15,2020-08-17T20:00:00+00:00,2020-09-15T20:00:00+00:00,12.3199996948,12.8699998856,20,29,0.0446428737304,-0.0446428737304,0.005,0.00238356164384,-0.0520264353743,False,25,25,0.03,1,True,2026-09-27T22:52:00.936236+00:00,-0.0570264353743
2020,2020-09-15T12:00:00+00:00,usda,0,cash,,CORN,corn_futures_etf_proxy,2020-09-15T12:00:00+00:00,2020-09-16,2020-10-14,2020-09-16T20:00:00+00:00,2020-10-14T20:00:00+00:00,12.9499998093,13.4300003052,20,28,0.0370656759058,0,0,0,0,False,25,25,0.03,0,True,2026-09-27T22:52:00.936236+00:00,0
2020,2020-09-15T12:00:00+00:00,bias,-1,executed,,CORN,corn_futures_etf_proxy,2020-09-15T12:00:00+00:00,2020-09-16,2020-10-14,2020-09-16T20:00:00+00:00,2020-10-14T20:00:00+00:00,12.9499998093,13.4300003052,20,28,0.0370656759058,-0.0370656759058,0.005,0.00230136986301,-0.0443670457688,False,25,25,0.03,1,True,2026-09-27T22:52:00.936236+00:00,-0.0493670457688
2020,2020-09-15T12:00:00+00:00,weather,0,cash,,CORN,corn_futures_etf_proxy,2020-09-15T12:00:00+00:00,2020-09-16,2020-10-14,2020-09-16T20:00:00+00:00,2020-10-14T20:00:00+00:00,12.9499998093,13.4300003052,20,28,0.0370656759058,0,0,0,0,False,25,25,0.03,0,True,2026-09-27T22:52:00.936236+00:00,0
2020,2020-09-15T12:00:00+00:00,satellite,0,cash,,CORN,corn_futures_etf_proxy,2020-09-15T12:00:00+00:00,2020-09-16,2020-10-14,2020-09-16T20:00:00+00:00,2020-10-14T20:00:00+00:00,12.9499998093,13.4300003052,20,28,0.0370656759058,0,0,0,0,False,25,25,0.03,0,True,2026-09-27T22:52:00.936236+00:00,0
2020,2020-09-15T12:00:00+00:00,always_long,1,executed,,CORN,corn_futures_etf_proxy,2020-09-15T12:00:00+00:00,2020-09-16,2020-10-14,2020-09-16T20:00:00+00:00,2020-10-14T20:00:00+00:00,12.9499998093,13.4300003052,20,28,0.0370656759058,0.0370656759058,0.005,0,0.0320656759058,False,25,25,0.03,1,True,2026-09-27T22:52:00.936236+00:00,0.0270656759058
2020,2020-09-15T12:00:00+00:00,always_short,-1,executed,,CORN,corn_futures_etf_proxy,2020-09-15T12:00:00+00:00,2020-09-16,2020-10-14,2020-09-16T20:00:00+00:00,2020-10-14T20:00:00+00:00,12.9499998093,13.4300003052,20,28,0.0370656759058,-0.0370656759058,0.005,0.00230136986301,-0.0443670457688,False,25,25,0.03,1,True,2026-09-27T22:52:00.936236+00:00,-0.0493670457688
2021,2021-08-15T12:00:00+00:00,usda,0,cash,,CORN,corn_futures_etf_proxy,2021-08-15T12:00:00+00:00,2021-08-16,2021-09-14,2021-08-16T20:00:00+00:00,2021-09-14T20:00:00+00:00,21.0300006866,19.5900001526,20,29,-0.0684736322891,-0,0,0,-0,False,25,25,0.03,0,True,2026-09-27T22:52:00.936236+00:00,-0
2021,2021-08-15T12:00:00+00:00,bias,0,cash,,CORN,corn_futures_etf_proxy,2021-08-15T12:00:00+00:00,2021-08-16,2021-09-14,2021-08-16T20:00:00+00:00,2021-09-14T20:00:00+00:00,21.0300006866,19.5900001526,20,29,-0.0684736322891,-0,0,0,-0,False,25,25,0.03,0,True,2026-09-27T22:52:00.936236+00:00,-0
2021,2021-08-15T12:00:00+00:00,weather,0,cash,,CORN,corn_futures_etf_proxy,2021-08-15T12:00:00+00:00,2021-08-16,2021-09-14,2021-08-16T20:00:00+00:00,2021-09-14T20:00:00+00:00,21.0300006866,19.5900001526,20,29,-0.0684736322891,-0,0,0,-0,False,25,25,0.03,0,True,2026-09-27T22:52:00.936236+00:00,-0
2021,2021-08-15T12:00:00+00:00,satellite,0,cash,,CORN,corn_futures_etf_proxy,2021-08-15T12:00:00+00:00,2021-08-16,2021-09-14,2021-08-16T20:00:00+00:00,2021-09-14T20:00:00+00:00,21.0300006866,19.5900001526,20,29,-0.0684736322891,-0,0,0,-0,False,25,25,0.03,0,True,2026-09-27T22:52:00.936236+00:00,-0
2021,2021-08-15T12:00:00+00:00,always_long,1,executed,,CORN,corn_futures_etf_proxy,2021-08-15T12:00:00+00:00,2021-08-16,2021-09-14,2021-08-16T20:00:00+00:00,2021-09-14T20:00:00+00:00,21.0300006866,19.5900001526,20,29,-0.0684736322891,-0.0684736322891,0.005,0,-0.0734736322891,False,25,25,0.03,1,True,2026-09-27T22:52:00.936236+00:00,-0.0784736322891
2021,2021-08-15T12:00:00+00:00,always_short,-1,executed,,CORN,corn_futures_etf_proxy,2021-08-15T12:00:00+00:00,2021-08-16,2021-09-14,2021-08-16T20:00:00+00:00,2021-09-14T20:00:00+00:00,21.0300006866,19.5900001526,20,29,-0.0684736322891,0.0684736322891,0.005,0.00238356164384,0.0610900706453,False,25,25,0.03,1,True,2026-09-27T22:52:00.936236+00:00,0.0560900706453
2021,2021-09-15T12:00:00+00:00,usda,0,cash,,CORN,corn_futures_etf_proxy,2021-09-15T12:00:00+00:00,2021-09-16,2021-10-14,2021-09-16T20:00:00+00:00,2021-10-14T20:00:00+00:00,19.7800006866,19.6700000763,20,28,-0.00556120356588,-0,0,0,-0,False,25,25,0.03,0,True,2026-09-27T22:52:00.936236+00:00,-0
2021,2021-09-15T12:00:00+00:00,bias,0,cash,,CORN,corn_futures_etf_proxy,2021-09-15T12:00:00+00:00,2021-09-16,2021-10-14,2021-09-16T20:00:00+00:00,2021-10-14T20:00:00+00:00,19.7800006866,19.6700000763,20,28,-0.00556120356588,-0,0,0,-0,False,25,25,0.03,0,True,2026-09-27T22:52:00.936236+00:00,-0
2021,2021-09-15T12:00:00+00:00,weather,0,cash,,CORN,corn_futures_etf_proxy,2021-09-15T12:00:00+00:00,2021-09-16,2021-10-14,2021-09-16T20:00:00+00:00,2021-10-14T20:00:00+00:00,19.7800006866,19.6700000763,20,28,-0.00556120356588,-0,0,0,-0,False,25,25,0.03,0,True,2026-09-27T22:52:00.936236+00:00,-0
2021,2021-09-15T12:00:00+00:00,satellite,-1,executed,,CORN,corn_futures_etf_proxy,2021-09-15T12:00:00+00:00,2021-09-16,2021-10-14,2021-09-16T20:00:00+00:00,2021-10-14T20:00:00+00:00,19.7800006866,19.6700000763,20,28,-0.00556120356588,0.00556120356588,0.005,0.00230136986301,-0.00174016629714,False,25,25,0.03,1,True,2026-09-27T22:52:00.936236+00:00,-0.00674016629714
2021,2021-09-15T12:00:00+00:00,always_long,1,executed,,CORN,corn_futures_etf_proxy,2021-09-15T12:00:00+00:00,2021-09-16,2021-10-14,2021-09-16T20:00:00+00:00,2021-10-14T20:00:00+00:00,19.7800006866,19.6700000763,20,28,-0.00556120356588,-0.00556120356588,0.005,0,-0.0105612035659,False,25,25,0.03,1,True,2026-09-27T22:52:00.936236+00:00,-0.0155612035659
2021,2021-09-15T12:00:00+00:00,always_short,-1,executed,,CORN,corn_futures_etf_proxy,2021-09-15T12:00:00+00:00,2021-09-16,2021-10-14,2021-09-16T20:00:00+00:00,2021-10-14T20:00:00+00:00,19.7800006866,19.6700000763,20,28,-0.00556120356588,0.00556120356588,0.005,0.00230136986301,-0.00174016629714,False,25,25,0.03,1,True,2026-09-27T22:52:00.936236+00:00,-0.00674016629714
2022,2022-08-15T12:00:00+00:00,usda,0,cash,,CORN,corn_futures_etf_proxy,2022-08-15T12:00:00+00:00,2022-08-16,2022-09-14,2022-08-16T20:00:00+00:00,2022-09-14T20:00:00+00:00,24.7199993134,27.2999992371,20,29,0.104368931852,0,0,0,0,False,25,25,0.03,0,True,2026-09-27T22:52:00.936236+00:00,0
2022,2022-08-15T12:00:00+00:00,bias,0,cash,,CORN,corn_futures_etf_proxy,2022-08-15T12:00:00+00:00,2022-08-16,2022-09-14,2022-08-16T20:00:00+00:00,2022-09-14T20:00:00+00:00,24.7199993134,27.2999992371,20,29,0.104368931852,0,0,0,0,False,25,25,0.03,0,True,2026-09-27T22:52:00.936236+00:00,0
2022,2022-08-15T12:00:00+00:00,weather,0,cash,,CORN,corn_futures_etf_proxy,2022-08-15T12:00:00+00:00,2022-08-16,2022-09-14,2022-08-16T20:00:00+00:00,2022-09-14T20:00:00+00:00,24.7199993134,27.2999992371,20,29,0.104368931852,0,0,0,0,False,25,25,0.03,0,True,2026-09-27T22:52:00.936236+00:00,0
2022,2022-08-15T12:00:00+00:00,satellite,0,cash,,CORN,corn_futures_etf_proxy,2022-08-15T12:00:00+00:00,2022-08-16,2022-09-14,2022-08-16T20:00:00+00:00,2022-09-14T20:00:00+00:00,24.7199993134,27.2999992371,20,29,0.104368931852,0,0,0,0,False,25,25,0.03,0,True,2026-09-27T22:52:00.936236+00:00,0
2022,2022-08-15T12:00:00+00:00,always_long,1,executed,,CORN,corn_futures_etf_proxy,2022-08-15T12:00:00+00:00,2022-08-16,2022-09-14,2022-08-16T20:00:00+00:00,2022-09-14T20:00:00+00:00,24.7199993134,27.2999992371,20,29,0.104368931852,0.104368931852,0.005,0,0.0993689318516,False,25,25,0.03,1,True,2026-09-27T22:52:00.936236+00:00,0.0943689318516
2022,2022-08-15T12:00:00+00:00,always_short,-1,executed,,CORN,corn_futures_etf_proxy,2022-08-15T12:00:00+00:00,2022-08-16,2022-09-14,2022-08-16T20:00:00+00:00,2022-09-14T20:00:00+00:00,24.7199993134,27.2999992371,20,29,0.104368931852,-0.104368931852,0.005,0.00238356164384,-0.111752493495,False,25,25,0.03,1,True,2026-09-27T22:52:00.936236+00:00,-0.116752493495
2022,2022-09-15T12:00:00+00:00,usda,0,cash,,CORN,corn_futures_etf_proxy,2022-09-15T12:00:00+00:00,2022-09-16,2022-10-14,2022-09-16T20:00:00+00:00,2022-10-14T20:00:00+00:00,27.0900001526,27.6000003815,20,28,0.0188261434481,0,0,0,0,False,25,25,0.03,0,True,2026-09-27T22:52:00.936236+00:00,0
2022,2022-09-15T12:00:00+00:00,bias,0,cash,,CORN,corn_futures_etf_proxy,2022-09-15T12:00:00+00:00,2022-09-16,2022-10-14,2022-09-16T20:00:00+00:00,2022-10-14T20:00:00+00:00,27.0900001526,27.6000003815,20,28,0.0188261434481,0,0,0,0,False,25,25,0.03,0,True,2026-09-27T22:52:00.936236+00:00,0
2022,2022-09-15T12:00:00+00:00,weather,0,cash,,CORN,corn_futures_etf_proxy,2022-09-15T12:00:00+00:00,2022-09-16,2022-10-14,2022-09-16T20:00:00+00:00,2022-10-14T20:00:00+00:00,27.0900001526,27.6000003815,20,28,0.0188261434481,0,0,0,0,False,25,25,0.03,0,True,2026-09-27T22:52:00.936236+00:00,0
2022,2022-09-15T12:00:00+00:00,satellite,0,cash,,CORN,corn_futures_etf_proxy,2022-09-15T12:00:00+00:00,2022-09-16,2022-10-14,2022-09-16T20:00:00+00:00,2022-10-14T20:00:00+00:00,27.0900001526,27.6000003815,20,28,0.0188261434481,0,0,0,0,False,25,25,0.03,0,True,2026-09-27T22:52:00.936236+00:00,0
2022,2022-09-15T12:00:00+00:00,always_long,1,executed,,CORN,corn_futures_etf_proxy,2022-09-15T12:00:00+00:00,2022-09-16,2022-10-14,2022-09-16T20:00:00+00:00,2022-10-14T20:00:00+00:00,27.0900001526,27.6000003815,20,28,0.0188261434481,0.0188261434481,0.005,0,0.0138261434481,False,25,25,0.03,1,True,2026-09-27T22:52:00.936236+00:00,0.0088261434481
2022,2022-09-15T12:00:00+00:00,always_short,-1,executed,,CORN,corn_futures_etf_proxy,2022-09-15T12:00:00+00:00,2022-09-16,2022-10-14,2022-09-16T20:00:00+00:00,2022-10-14T20:00:00+00:00,27.0900001526,27.6000003815,20,28,0.0188261434481,-0.0188261434481,0.005,0.00230136986301,-0.0261275133111,False,25,25,0.03,1,True,2026-09-27T22:52:00.936236+00:00,-0.0311275133111
2023,2023-08-15T12:00:00+00:00,usda,0,cash,,CORN,corn_futures_etf_proxy,2023-08-15T12:00:00+00:00,2023-08-16,2023-09-14,2023-08-16T20:00:00+00:00,2023-09-14T20:00:00+00:00,22.0699996948,22.1299991608,20,29,0.00271859840381,0,0,0,0,False,25,25,0.03,0,True,2026-09-27T22:52:00.936236+00:00,0
2023,2023-08-15T12:00:00+00:00,bias,0,cash,,CORN,corn_futures_etf_proxy,2023-08-15T12:00:00+00:00,2023-08-16,2023-09-14,2023-08-16T20:00:00+00:00,2023-09-14T20:00:00+00:00,22.0699996948,22.1299991608,20,29,0.00271859840381,0,0,0,0,False,25,25,0.03,0,True,2026-09-27T22:52:00.936236+00:00,0
2023,2023-08-15T12:00:00+00:00,weather,0,cash,,CORN,corn_futures_etf_proxy,2023-08-15T12:00:00+00:00,2023-08-16,2023-09-14,2023-08-16T20:00:00+00:00,2023-09-14T20:00:00+00:00,22.0699996948,22.1299991608,20,29,0.00271859840381,0,0,0,0,False,25,25,0.03,0,True,2026-09-27T22:52:00.936236+00:00,0
2023,2023-08-15T12:00:00+00:00,satellite,0,cash,,CORN,corn_futures_etf_proxy,2023-08-15T12:00:00+00:00,2023-08-16,2023-09-14,2023-08-16T20:00:00+00:00,2023-09-14T20:00:00+00:00,22.0699996948,22.1299991608,20,29,0.00271859840381,0,0,0,0,False,25,25,0.03,0,True,2026-09-27T22:52:00.936236+00:00,0
2023,2023-08-15T12:00:00+00:00,always_long,1,executed,,CORN,corn_futures_etf_proxy,2023-08-15T12:00:00+00:00,2023-08-16,2023-09-14,2023-08-16T20:00:00+00:00,2023-09-14T20:00:00+00:00,22.0699996948,22.1299991608,20,29,0.00271859840381,0.00271859840381,0.005,0,-0.00228140159619,False,25,25,0.03,1,True,2026-09-27T22:52:00.936236+00:00,-0.00728140159619
2023,2023-08-15T12:00:00+00:00,always_short,-1,executed,,CORN,corn_futures_etf_proxy,2023-08-15T12:00:00+00:00,2023-08-16,2023-09-14,2023-08-16T20:00:00+00:00,2023-09-14T20:00:00+00:00,22.0699996948,22.1299991608,20,29,0.00271859840381,-0.00271859840381,0.005,0.00238356164384,-0.0101021600476,False,25,25,0.03,1,True,2026-09-27T22:52:00.936236+00:00,-0.0151021600476
2023,2023-09-15T12:00:00+00:00,usda,0,cash,,CORN,corn_futures_etf_proxy,2023-09-15T12:00:00+00:00,2023-09-18,2023-10-16,2023-09-18T20:00:00+00:00,2023-10-16T20:00:00+00:00,21.8199996948,22.6200008392,20,28,0.0366636643262,0,0,0,0,False,25,25,0.03,0,True,2026-09-27T22:52:00.936236+00:00,0
2023,2023-09-15T12:00:00+00:00,bias,0,cash,,CORN,corn_futures_etf_proxy,2023-09-15T12:00:00+00:00,2023-09-18,2023-10-16,2023-09-18T20:00:00+00:00,2023-10-16T20:00:00+00:00,21.8199996948,22.6200008392,20,28,0.0366636643262,0,0,0,0,False,25,25,0.03,0,True,2026-09-27T22:52:00.936236+00:00,0
2023,2023-09-15T12:00:00+00:00,weather,0,cash,,CORN,corn_futures_etf_proxy,2023-09-15T12:00:00+00:00,2023-09-18,2023-10-16,2023-09-18T20:00:00+00:00,2023-10-16T20:00:00+00:00,21.8199996948,22.6200008392,20,28,0.0366636643262,0,0,0,0,False,25,25,0.03,0,True,2026-09-27T22:52:00.936236+00:00,0
2023,2023-09-15T12:00:00+00:00,satellite,0,cash,,CORN,corn_futures_etf_proxy,2023-09-15T12:00:00+00:00,2023-09-18,2023-10-16,2023-09-18T20:00:00+00:00,2023-10-16T20:00:00+00:00,21.8199996948,22.6200008392,20,28,0.0366636643262,0,0,0,0,False,25,25,0.03,0,True,2026-09-27T22:52:00.936236+00:00,0
2023,2023-09-15T12:00:00+00:00,always_long,1,executed,,CORN,corn_futures_etf_proxy,2023-09-15T12:00:00+00:00,2023-09-18,2023-10-16,2023-09-18T20:00:00+00:00,2023-10-16T20:00:00+00:00,21.8199996948,22.6200008392,20,28,0.0366636643262,0.0366636643262,0.005,0,0.0316636643262,False,25,25,0.03,1,True,2026-09-27T22:52:00.936236+00:00,0.0266636643262
2023,2023-09-15T12:00:00+00:00,always_short,-1,executed,,CORN,corn_futures_etf_proxy,2023-09-15T12:00:00+00:00,2023-09-18,2023-10-16,2023-09-18T20:00:00+00:00,2023-10-16T20:00:00+00:00,21.8199996948,22.6200008392,20,28,0.0366636643262,-0.0366636643262,0.005,0.00230136986301,-0.0439650341892,False,25,25,0.03,1,True,2026-09-27T22:52:00.936236+00:00,-0.0489650341892
