year,forecast_at,target_month,target_report_date,target_available_at,target_yield_bu_acre,label_revision_bu_acre,coverage,prior_area_footprint,status,reason,training_rows,usda_yield_bu_acre,bias_yield_bu_acre,weather_yield_bu_acre,satellite_yield_bu_acre
2013,2013-08-15 12:00:00+00:00,2013-09,2013-09-12,2013-09-12 16:00:00+00:00,155.3,0.9,0.815662145617,0.789357981595,abstain,Need at least five prior harvest years and eight released calibration outcomes,0,,,,
2013,2013-09-15 12:00:00+00:00,2013-10,,,,,0.815738997345,0.789432354943,abstain,Need at least five prior harvest years and eight released calibration outcomes,0,,,,
2014,2014-08-15 12:00:00+00:00,2014-09,2014-09-11,2014-09-11 16:00:00+00:00,171.7,4.3,0.99381766142,0.917065260418,abstain,Need at least five prior harvest years and eight released calibration outcomes,1,,,,
2014,2014-09-15 12:00:00+00:00,2014-10,2014-10-10,2014-10-10 16:00:00+00:00,174.2,2.5,0.99381766142,0.917065260418,abstain,Need at least five prior harvest years and eight released calibration outcomes,1,,,,
2015,2015-08-15 12:00:00+00:00,2015-09,2015-09-11,2015-09-11 16:00:00+00:00,167.5,-1.3,0.992827642977,0.920795002077,abstain,Need at least five prior harvest years and eight released calibration outcomes,3,,,,
2015,2015-09-15 12:00:00+00:00,2015-10,2015-10-09,2015-10-09 16:00:00+00:00,168,0.5,0.995542125011,0.92331254025,abstain,Need at least five prior harvest years and eight released calibration outcomes,3,,,,
2016,2016-08-15 12:00:00+00:00,2016-09,2016-09-12,2016-09-12 16:00:00+00:00,174.4,-0.7,0.998255304575,0.898977618421,abstain,Need at least five prior harvest years and eight released calibration outcomes,5,,,,
2016,2016-09-15 12:00:00+00:00,2016-10,2016-10-12,2016-10-12 16:00:00+00:00,173.4,-1,0.998255304575,0.898977618421,abstain,Need at least five prior harvest years and eight released calibration outcomes,5,,,,
2017,2017-08-15 12:00:00+00:00,2017-09,2017-09-12,2017-09-12 16:00:00+00:00,169.9,0.4,0.996248341562,0.907859890295,abstain,Need at least five prior harvest years and eight released calibration outcomes,7,,,,
2017,2017-09-15 12:00:00+00:00,2017-10,2017-10-12,2017-10-12 16:00:00+00:00,171.8,1.9,0.996248341562,0.907859890295,abstain,Need at least five prior harvest years and eight released calibration outcomes,7,,,,
2018,2018-08-15 12:00:00+00:00,2018-09,2018-09-12,2018-09-12 16:00:00+00:00,181.3,2.9,0.97982849903,0.895237081244,ready,,9,178.4,179.12,179.282629967,179.257744605
2018,2018-09-15 12:00:00+00:00,2018-10,2018-10-11,2018-10-11 16:00:00+00:00,180.7,-0.6,0.85797839767,0.783906650256,ready,,9,181.3,182.275,182.328409446,182.335025491
2019,2019-08-15 12:00:00+00:00,2019-09,2019-09-12,2019-09-12 16:00:00+00:00,168.2,-1.3,0.997118051908,0.837683696924,ready,,11,169.5,170.583333333,170.320752515,169.792905001
2019,2019-09-15 12:00:00+00:00,2019-10,2019-10-10,2019-10-10 16:00:00+00:00,168.4,0.2,0.997118051908,0.837683696924,ready,,11,168.2,168.86,168.873318262,168.413438942
2020,2020-08-15 12:00:00+00:00,2020-09,2020-09-11,2020-09-11 16:00:00+00:00,178.5,-3.3,0.9981880328,0.771064993865,ready,,13,181.8,182.542857143,182.217377915,182.578530626
2020,2020-09-15 12:00:00+00:00,2020-10,2020-10-09,2020-10-09 16:00:00+00:00,178.4,-0.1,0.9981880328,0.771064993865,ready,,13,178.5,179.083333333,178.813106134,178.788879757
2021,2021-08-15 12:00:00+00:00,2021-09,2021-09-10,2021-09-10 16:00:00+00:00,176.3,1.7,0.997407807209,0.95044826502,ready,,15,174.6,174.8375,174.989860107,175.055375959
2021,2021-09-15 12:00:00+00:00,2021-10,2021-10-12,2021-10-12 16:00:00+00:00,176.5,0.2,0.997273351042,0.950320139262,ready,,15,176.3,176.785714286,176.764452815,176.854732088
2022,2022-08-15 12:00:00+00:00,2022-09,2022-09-12,2022-09-12 16:00:00+00:00,172.5,-2.9,0.997894531279,0.797036239413,ready,,17,175.4,175.8,174.994317624,174.967983415
2022,2022-09-15 12:00:00+00:00,2022-10,2022-10-12,2022-10-12 16:00:00+00:00,171.9,-0.6,0.997831342294,0.796985769239,ready,,17,172.5,172.95,172.164393158,172.340191107
2023,2023-08-15 12:00:00+00:00,2023-09,2023-09-12,2023-09-12 16:00:00+00:00,173.8,-1.3,0.995028603209,0.897298374342,ready,,19,175.1,175.17,175.146601898,175.244223771
2023,2023-09-15 12:00:00+00:00,2023-10,2023-10-12,2023-10-12 16:00:00+00:00,173,-0.8,0.995028603209,0.897298374342,ready,,19,173.8,174.133333333,174.083424444,174.254206938
