date,created,window_scenes,in_baseline,built_ha,roof_ha,new_built_ha,new_roof_ha,new_cleared_ha
2023-06-29,2023-06-30T03:28:02.745341+00:00,3,True,0.02,0.01,0.01,0.01,44.86
2023-07-02,2023-07-03T06:13:26.444840+00:00,4,True,0.02,0.0,0.01,0.0,21.36
2023-07-04,2023-07-05T00:03:33.772121+00:00,5,True,0.02,0.01,0.01,0.0,38.25
2023-07-17,2023-07-19T21:10:39.507606+00:00,6,True,0.02,0.0,0.01,0.0,16.45
2023-07-19,2023-07-20T03:41:12.318420+00:00,7,True,0.02,0.0,0.01,0.0,1.53
2023-07-24,2023-07-25T02:40:38.517795+00:00,8,True,0.02,0.0,0.01,0.0,2.57
2023-07-27,2023-07-28T02:46:08.970501+00:00,9,True,0.02,0.0,0.01,0.0,0.02
2023-07-29,2023-07-30T04:41:14.984160+00:00,10,True,0.02,0.0,0.01,0.0,0.01
2023-08-01,2023-08-02T04:10:57.554111+00:00,11,True,0.01,0.0,0.0,0.0,0.0
2023-08-13,2023-08-14T01:07:59.807732+00:00,12,True,0.01,0.0,0.0,0.0,0.0
2023-08-16,2023-08-17T03:56:12.887021+00:00,13,True,0.01,0.0,0.0,0.0,0.0
2023-08-18,2026-08-17T21:35:31.758490+00:00,14,True,0.01,0.0,0.0,0.0,0.0
2023-08-21,2023-08-22T05:25:40.067893+00:00,15,True,0.01,0.0,0.0,0.0,0.0
2023-08-26,2023-08-27T02:23:03.703406+00:00,16,True,0.01,0.0,0.0,0.0,0.0
2023-08-31,2023-09-01T04:16:24.538287+00:00,17,True,0.01,0.0,0.0,0.0,0.0
2023-09-07,2023-09-08T08:01:26.153704+00:00,17,True,0.01,0.0,0.0,0.0,0.0
2023-09-15,2023-09-16T06:32:43.407200+00:00,15,True,0.01,0.0,0.0,0.0,0.0
2023-09-17,2023-09-18T03:20:20.971220+00:00,15,True,0.01,0.0,0.0,0.0,0.0
2023-09-25,2023-09-26T00:47:55.721547+00:00,16,True,0.01,0.0,0.0,0.0,0.0
2023-09-30,2023-10-01T16:07:38.677074+00:00,16,True,0.01,0.01,0.0,0.0,0.0
2023-10-02,2023-10-03T00:59:44.681054+00:00,16,True,0.01,0.0,0.0,0.0,0.0
2023-10-07,2023-10-08T01:13:57.236470+00:00,16,True,0.01,0.01,0.0,0.0,0.0
2023-10-17,2023-10-18T05:11:34.994437+00:00,14,True,0.01,0.01,0.0,0.0,0.0
2023-10-20,2023-10-21T00:35:58.377203+00:00,15,True,0.01,0.01,0.0,0.0,0.0
2023-10-25,2023-10-25T23:44:40.993573+00:00,16,True,0.01,0.01,0.0,0.01,0.0
2023-11-04,2023-11-04T21:51:56.997260+00:00,13,True,0.01,0.0,0.0,0.0,0.0
2023-11-19,2023-11-19T22:23:13.561902+00:00,12,True,0.01,0.0,0.0,0.0,8.63
2023-11-29,2023-11-29T22:03:48.302243+00:00,11,True,0.01,0.0,0.0,0.0,8.54
2023-12-06,2023-12-06T23:10:26.912636+00:00,11,True,0.01,0.0,0.01,0.0,44.28
2023-12-11,2023-12-11T22:43:56.586420+00:00,11,True,0.0,0.0,0.0,0.0,39.78
2023-12-14,2023-12-15T00:34:53.377342+00:00,11,True,0.0,0.0,0.0,0.0,28.62
2023-12-26,2023-12-26T22:03:37.023297+00:00,10,True,0.01,0.0,0.0,0.0,34.18
2023-12-29,2023-12-29T22:01:40.861248+00:00,11,True,0.01,0.0,0.0,0.0,6.34
2024-01-20,2024-01-20T22:56:32.399877+00:00,8,True,0.01,0.0,0.0,0.0,0.47
2024-01-30,2024-01-30T23:07:04.117804+00:00,9,True,0.01,0.0,0.0,0.0,0.05
2024-02-02,2024-02-02T23:01:23.345804+00:00,9,True,0.02,0.01,0.0,0.0,0.0
2024-02-19,2024-02-19T23:03:47.943169+00:00,8,True,0.02,0.01,0.0,0.0,0.0
2024-03-23,2024-03-24T16:27:23.333162+00:00,5,True,0.06,0.01,0.06,0.01,2.31
2024-03-28,2024-03-29T01:33:43.859615+00:00,6,True,0.02,0.01,0.02,0.01,0.83
2024-04-12,2024-04-12T23:29:15.045893+00:00,6,True,0.01,0.0,0.01,0.0,2.26
2024-04-14,2024-04-15T02:17:01.524125+00:00,6,True,0.01,0.0,0.0,0.0,2.13
2024-04-22,2024-04-22T23:46:40.921896+00:00,6,True,0.09,0.0,0.06,0.0,1.6
2024-05-04,2024-05-05T00:40:31.538137+00:00,6,True,0.08,0.0,0.05,0.0,114.1
2024-05-19,2024-05-19T23:26:32.663309+00:00,7,True,0.03,0.0,0.0,0.0,93.57
2024-05-27,2024-05-28T18:51:49.475787+00:00,8,True,0.03,0.0,0.0,0.0,94.19
2024-06-06,2024-06-07T01:24:30.728822+00:00,8,True,0.03,0.0,0.0,0.0,37.71
2024-06-08,2024-06-08T22:50:07.584960+00:00,9,True,0.02,0.0,0.0,0.0,13.47
2024-06-11,2024-06-14T13:57:24.636515+00:00,9,True,0.02,0.0,0.0,0.0,11.34
2024-06-13,2024-06-14T14:52:31.174033+00:00,10,True,0.02,0.0,0.0,0.0,10.07
2024-06-16,2024-06-17T02:10:39.911055+00:00,11,True,0.02,0.0,0.0,0.0,9.4
2024-06-23,2024-06-29T17:49:44.639385+00:00,12,True,0.02,0.0,0.0,0.0,7.8
2024-07-06,2024-07-07T09:42:07.306371+00:00,10,False,0.03,0.0,0.02,0.0,4.11
2024-07-13,2024-07-14T01:50:00.582996+00:00,11,False,0.03,0.0,0.02,0.0,5.31
2024-07-16,2024-07-17T01:33:21.736526+00:00,12,False,0.03,0.0,0.02,0.0,1.61
2024-08-07,2024-08-08T00:26:30.042178+00:00,11,False,0.03,0.0,0.02,0.0,4.19
2024-08-10,2024-08-10T22:57:48.792748+00:00,11,False,0.03,0.0,0.02,0.0,0.38
2024-08-12,2024-08-13T01:04:45.021556+00:00,12,False,0.03,0.0,0.02,0.0,0.22
2024-08-20,2024-08-21T00:20:55.612048+00:00,12,False,0.03,0.0,0.02,0.0,0.17
2024-08-25,2024-08-26T01:35:39.015524+00:00,11,False,0.04,0.0,0.03,0.0,0.16
2024-08-27,2024-08-27T22:50:53.076931+00:00,11,False,0.04,0.0,0.03,0.0,0.15
2024-09-09,2024-09-10T00:02:42.187224+00:00,10,False,0.06,0.0,0.05,0.0,0.29
2024-09-26,2024-09-26T23:34:43.484279+00:00,9,False,0.04,0.0,0.03,0.0,0.26
2024-10-09,2024-10-09T22:45:56.287399+00:00,9,False,0.03,0.0,0.03,0.0,0.22
2024-10-11,2024-10-12T00:14:15.840185+00:00,10,False,0.04,0.0,0.03,0.0,0.24
2024-10-14,2024-10-14T23:35:05.384857+00:00,11,False,0.03,0.0,0.03,0.0,0.09
2024-10-19,2024-10-19T22:49:12.885924+00:00,12,False,0.03,0.0,0.03,0.0,0.09
2024-10-21,2024-10-21T23:24:06.892982+00:00,12,False,0.03,0.0,0.03,0.0,0.08
2024-10-24,2024-10-24T22:15:51.177036+00:00,12,False,0.03,0.0,0.03,0.0,0.12
2024-10-26,2024-10-26T23:12:48.996085+00:00,12,False,0.01,0.0,0.01,0.0,0.14
2024-10-29,2024-10-29T21:31:20.826192+00:00,13,False,0.01,0.0,0.01,0.0,0.13
2024-11-15,2024-11-15T22:14:47.014350+00:00,11,False,0.02,0.0,0.01,0.0,0.16
2024-11-23,2024-11-23T22:08:53.832251+00:00,11,False,0.02,0.0,0.01,0.0,0.25
2024-12-03,2024-12-03T22:00:14.070452+00:00,12,False,0.01,0.0,0.0,0.0,0.55
2024-12-15,2024-12-15T23:25:30.640631+00:00,12,False,0.01,0.0,0.0,0.0,1.33
2024-12-20,2024-12-20T22:13:10.422892+00:00,13,False,0.01,0.0,0.0,0.0,6.45
2024-12-23,2024-12-23T21:50:47.932582+00:00,13,False,0.01,0.0,0.0,0.0,0.94
2024-12-30,2024-12-30T22:10:19.152889+00:00,12,False,0.01,0.0,0.0,0.0,0.6
2025-01-02,2025-01-02T21:53:30.065264+00:00,12,False,0.01,0.0,0.0,0.0,0.55
2025-01-19,2025-01-19T22:45:32.616742+00:00,9,False,0.03,0.01,0.02,0.0,0.59
2025-01-22,2025-02-18T21:00:40.713680+00:00,10,False,0.03,0.01,0.02,0.0,0.63
2025-01-27,2025-01-27T21:45:53.334524+00:00,11,False,0.03,0.0,0.02,0.0,0.6
2025-02-01,2025-02-19T18:45:11.163472+00:00,11,False,0.03,0.0,0.02,0.0,0.68
2025-02-06,2025-02-06T21:46:04.632978+00:00,11,False,0.01,0.0,0.0,0.0,0.61
2025-02-26,2025-02-26T21:30:58.543012+00:00,11,False,0.01,0.0,0.0,0.0,0.33
2025-02-28,2025-02-28T22:55:21.612395+00:00,11,False,0.01,0.0,0.0,0.0,0.2
2025-03-05,2025-03-05T23:02:41.190524+00:00,11,False,0.0,0.0,0.0,0.0,0.1
2025-03-13,2025-03-13T23:02:26.857540+00:00,11,False,0.0,0.0,0.0,0.0,0.09
2025-03-18,2025-03-18T22:49:04.474776+00:00,10,False,0.0,0.0,0.0,0.0,1.12
2025-03-20,2025-03-20T23:28:03.861184+00:00,11,False,0.0,0.0,0.0,0.0,0.21
2025-03-22,2025-03-22T23:06:44.834341+00:00,12,False,0.0,0.0,0.0,0.0,0.06
2025-03-25,2025-03-25T23:54:19.734528+00:00,13,False,0.01,0.0,0.0,0.0,0.53
2025-04-09,2025-04-10T00:47:05.494845+00:00,12,False,0.01,0.0,0.0,0.0,3.66
2025-04-11,2025-04-12T04:54:10.587525+00:00,13,False,0.01,0.0,0.0,0.0,17.58
2025-04-12,2025-04-12T23:07:04.406058+00:00,13,False,0.02,0.0,0.01,0.0,39.47
2025-05-04,2025-05-05T04:48:41.945591+00:00,12,False,0.03,0.0,0.01,0.0,76.22
2025-05-21,2025-05-22T02:09:23.312747+00:00,10,False,0.19,0.01,0.17,0.01,164.58
2025-05-22,2025-05-23T01:14:21.680295+00:00,11,False,0.12,0.0,0.1,0.0,159.59
2025-05-24,2025-05-25T01:19:35.568584+00:00,12,False,0.06,0.0,0.04,0.0,152.94
2025-07-01,2025-07-01T22:40:29.181896+00:00,5,False,5.5,0.55,5.49,0.55,288.85
2025-07-11,2025-07-11T22:52:35.602216+00:00,6,False,2.69,0.36,2.68,0.36,277.51
2025-07-26,2025-07-26T21:40:33.830246+00:00,6,False,3.36,0.36,3.35,0.36,292.08
2025-07-28,2025-07-28T23:31:28.564927+00:00,7,False,1.81,0.33,1.8,0.33,276.34
2025-08-05,2025-08-05T22:40:15.383634+00:00,6,False,7.51,0.74,7.5,0.74,314.73
2025-08-17,2025-08-18T01:05:24.319968+00:00,6,False,8.57,1.09,8.56,1.09,264.54
2025-08-30,2025-08-30T23:17:57.191612+00:00,7,False,2.45,0.91,2.44,0.91,232.04
2025-09-04,2025-09-04T22:48:08.579043+00:00,8,False,2.9,1.03,2.89,1.03,218.69
2025-09-09,2025-09-09T21:42:54.596287+00:00,9,False,2.21,0.8,2.2,0.8,185.29
2025-09-16,2025-09-17T00:41:40.075925+00:00,9,False,2.61,1.02,2.6,1.02,88.58
2025-09-18,2025-09-18T23:25:52.231802+00:00,10,False,3.32,1.36,3.31,1.36,90.85
2025-09-19,2025-09-20T00:22:45.197906+00:00,11,False,3.07,1.28,3.06,1.28,88.39
2025-09-29,2025-09-29T23:08:35.296935+00:00,11,False,3.83,1.33,3.82,1.33,79.39
2025-10-04,2025-10-04T23:03:33.921920+00:00,12,False,3.49,1.27,3.48,1.27,65.53
2025-10-09,2025-10-10T01:15:55.447685+00:00,12,False,3.93,1.34,3.92,1.34,52.26
2025-10-11,2025-10-11T23:52:53.982696+00:00,12,False,4.49,1.35,4.48,1.35,35.35
2025-10-14,2025-10-14T21:31:09.396672+00:00,13,False,5.43,1.4,5.42,1.4,36.51
2025-10-16,2025-10-16T23:01:31.232985+00:00,14,False,5.09,1.22,5.08,1.22,24.55
2025-10-19,2025-10-20T00:35:58.156745+00:00,14,False,5.24,1.27,5.23,1.27,24.6
2025-10-31,2026-08-17T08:26:19.246286+00:00,14,False,5.39,1.26,5.38,1.26,11.44
2025-11-03,2025-11-03T21:19:47.938214+00:00,15,False,6.18,1.49,6.17,1.49,8.11
2025-11-05,2025-11-05T22:06:42.594511+00:00,16,False,5.9,1.44,5.89,1.44,7.98
2025-11-08,2025-11-08T22:16:06.129048+00:00,17,False,5.02,1.42,5.02,1.42,7.88
2025-11-13,2025-11-13T21:10:48.618413+00:00,17,False,5.52,1.37,5.52,1.37,8.45
2025-11-15,2025-11-15T21:58:42.737231+00:00,18,False,6.33,1.44,6.33,1.44,9.05
2025-12-15,2025-12-15T21:54:41.179915+00:00,13,False,9.92,1.4,9.91,1.4,57.07
2025-12-20,2025-12-20T22:00:30.085091+00:00,13,False,9.18,1.47,9.17,1.47,217.2
2025-12-30,2025-12-30T21:46:30.282111+00:00,10,False,10.86,1.67,10.85,1.67,219.78
2026-01-04,2026-01-04T21:57:06.420062+00:00,10,False,12.51,1.79,12.5,1.79,222.58
2026-01-19,2026-01-19T21:35:29.942192+00:00,8,False,16.12,2.39,16.1,2.39,247.89
2026-02-06,2026-02-06T22:03:02.093961+00:00,6,False,23.59,3.69,23.56,3.69,297.29
2026-02-13,2026-02-13T21:56:18.477392+00:00,7,False,19.04,3.4,19.01,3.4,286.69
2026-02-23,2026-02-23T22:47:27.945240+00:00,8,False,23.37,3.72,23.34,3.72,289.37
2026-02-28,2026-02-28T23:25:24.747388+00:00,8,False,26.65,4.21,26.63,4.21,256.95
2026-03-13,2026-03-13T23:15:26.848264+00:00,8,False,29.03,5.68,29.0,5.68,168.57
2026-03-18,2026-03-19T00:26:33.850618+00:00,8,False,31.18,6.14,31.16,6.14,146.16
2026-03-20,2026-08-17T19:06:03.730940+00:00,8,False,32.07,7.63,32.05,7.63,152.27
2026-03-23,2026-03-23T23:09:13.721364+00:00,9,False,29.9,7.53,29.89,7.53,127.86
2026-03-25,2026-03-25T23:09:35.617176+00:00,10,False,33.43,9.8,33.42,9.8,129.7
2026-03-27,2026-03-28T04:07:46.993883+00:00,11,False,31.09,9.6,31.08,9.6,128.7
2026-03-28,2026-03-29T00:30:58.226177+00:00,12,False,29.95,9.54,29.94,9.54,127.74
2026-04-09,2026-04-09T23:11:08.779110+00:00,12,False,31.67,11.18,31.66,11.18,135.86
2026-05-02,2026-08-17T07:25:18.039901+00:00,11,False,36.72,13.49,36.71,13.49,369.84
2026-05-12,2026-05-12T23:07:02.838450+00:00,11,False,36.7,14.38,36.68,14.38,470.48
2026-05-14,2026-05-14T23:30:29.080824+00:00,11,False,37.88,15.37,37.86,15.37,470.75
2026-07-08,2026-07-08T21:44:06.250850+00:00,4,False,50.77,22.92,50.76,22.92,395.98
2026-07-18,2026-07-19T04:22:11.589641+00:00,4,False,49.57,23.88,49.56,23.88,324.46
2026-07-25,2026-07-26T06:06:55.352512+00:00,5,False,65.89,32.51,65.88,32.51,357.41
2026-08-12,2026-08-12T22:41:29.373248+00:00,4,False,66.39,35.49,66.38,35.49,225.36
2026-08-14,2026-08-14T23:35:56.596079+00:00,5,False,79.53,40.12,79.52,40.12,244.77
2026-08-17,2026-08-17T21:51:33.824912+00:00,6,False,76.17,39.06,76.16,39.06,239.66
2026-08-27,2026-08-27T21:50:48.681504+00:00,7,False,69.04,34.95,69.03,34.95,215.4
2026-08-30,2026-08-30T21:55:16.844247+00:00,8,False,76.32,38.32,76.31,38.32,220.54
2026-09-03,2026-09-04T06:02:02.755418+00:00,9,False,69.14,35.38,69.13,35.38,206.83
2026-09-06,2026-09-06T21:45:59.119877+00:00,10,False,75.72,38.1,75.71,38.1,174.57
2026-09-14,2026-09-14T23:15:13.904453+00:00,11,False,69.53,36.36,69.52,36.36,89.68
2026-09-19,2026-09-19T22:59:07.136830+00:00,12,False,65.25,34.76,65.24,34.76,90.9
2026-09-21,2026-09-21T23:30:45.532270+00:00,12,False,67.5,35.92,67.49,35.92,79.9
2026-09-23,2026-09-24T04:10:23.643600+00:00,13,False,72.29,37.23,72.28,37.23,80.48
