date,created,cloud_frac,hot_px20,furnace block,elsewhere
2024-01-18,2024-01-18T07:10:10.441092+00:00,0.029,0,0,0
2024-01-28,2024-01-28T07:26:04.533918+00:00,0.115,0,0,0
2024-02-12,2024-02-12T08:03:35.485140+00:00,0.0,1,0,1
2024-02-17,2024-02-17T07:17:36.882511+00:00,0.183,3,0,3
2024-04-02,2024-04-02T09:17:52.610386+00:00,0.106,1,0,1
2024-04-12,2024-04-12T10:40:04.102210+00:00,0.021,8,4,4
2024-05-02,2024-05-02T09:31:02.888830+00:00,0.036,21,16,5
2024-05-07,2024-05-07T17:47:01.098471+00:00,0.0,22,20,2
2024-05-17,2024-05-17T08:11:55.303306+00:00,0.014,29,26,3
2024-05-27,2024-05-28T19:10:32.600156+00:00,0.041,26,24,2
2024-06-01,2024-06-01T10:12:08.833742+00:00,0.023,19,19,0
2024-06-06,2024-06-06T08:55:11.412542+00:00,0.026,20,20,0
2024-06-16,2024-06-16T06:57:58.203659+00:00,0.002,25,22,3
2024-06-21,2024-06-29T03:51:01.286573+00:00,0.03,18,18,0
2024-06-26,2024-06-29T18:58:19.557025+00:00,0.0,20,20,0
2024-07-16,2024-07-16T06:55:37.533231+00:00,0.0,28,25,3
2024-07-21,2024-07-21T07:21:52.765288+00:00,0.0,29,25,4
2024-07-26,2024-07-26T08:28:07.038793+00:00,0.0,29,28,1
2024-07-31,2024-07-31T09:41:59.075623+00:00,0.001,27,24,3
2024-08-05,2024-08-05T08:54:15.833806+00:00,0.001,30,25,5
2024-08-10,2024-08-10T08:59:20.090972+00:00,0.0,17,17,0
2024-08-15,2024-08-15T08:23:09.379070+00:00,0.0,13,13,0
2024-08-20,2024-08-20T08:52:55.936256+00:00,0.0,12,12,0
2024-08-25,2024-08-25T08:14:04.293820+00:00,0.0,11,11,0
2024-08-30,2024-08-30T09:03:53.051682+00:00,0.07,0,0,0
2024-09-04,2024-09-04T09:23:33.792297+00:00,0.0,1,1,0
2024-09-09,2024-09-09T09:24:54.062352+00:00,0.0,1,1,0
2024-09-14,2024-09-14T11:19:30.740987+00:00,0.0,0,0,0
2024-09-19,2024-09-19T13:49:54.392486+00:00,0.0,0,0,0
2024-09-29,2024-09-29T07:44:49.082584+00:00,0.014,11,1,10
2024-10-19,2024-10-19T06:59:32.055984+00:00,0.009,9,1,8
2024-10-29,2024-10-29T06:56:23.404827+00:00,0.01,62,3,59
2024-11-08,2026-08-17T04:34:02.882049+00:00,0.0,95,10,85
2024-11-28,2024-11-28T06:43:09.646972+00:00,0.084,0,0,0
2024-12-23,2024-12-23T06:01:57.495273+00:00,0.0,1,1,0
2025-04-02,2025-04-02T07:25:53.785020+00:00,0.17,3,3,0
2025-04-29,2025-04-29T10:21:35.344130+00:00,0.0,20,20,0
2025-05-12,2025-05-12T07:35:04.765025+00:00,0.001,28,28,0
2025-06-06,2025-06-06T08:45:10.611776+00:00,0.0,23,22,1
2025-06-11,2025-06-11T05:46:13.771916+00:00,0.029,29,22,7
2025-06-16,2025-06-16T09:14:09.342849+00:00,0.104,21,15,6
2025-06-21,2025-06-21T05:48:46.432784+00:00,0.0,27,14,13
2025-06-26,2025-06-26T07:34:39.323884+00:00,0.051,7,7,0
2025-06-28,2025-06-28T09:11:31.451000+00:00,0.022,25,9,16
2025-07-01,2025-07-01T07:43:35.697435+00:00,0.0,10,5,5
2025-07-21,2025-07-21T05:53:32.583556+00:00,0.001,10,0,10
2025-07-26,2025-07-26T07:35:33.409315+00:00,0.0,1,0,1
2025-07-31,2025-07-31T07:26:59.888683+00:00,0.0,1,0,1
2025-08-07,2025-08-07T09:15:41.253481+00:00,0.028,10,0,10
2025-08-10,2025-08-10T05:51:38.050297+00:00,0.102,12,0,12
2025-08-15,2025-08-15T08:55:10.298286+00:00,0.0,12,0,12
2025-08-20,2025-08-20T07:25:27.143958+00:00,0.0,9,0,9
2025-08-27,2025-08-27T09:06:57.032491+00:00,0.121,13,0,13
2025-09-04,2025-09-04T07:38:10.297017+00:00,0.001,10,0,10
2025-09-14,2025-09-14T09:41:58.728249+00:00,0.0,4,0,4
2025-09-16,2025-09-16T09:33:48.576520+00:00,0.181,0,0,0
2025-09-29,2025-09-29T07:31:07.586041+00:00,0.0,9,2,7
2025-10-04,2025-10-04T07:40:35.989762+00:00,0.0,21,7,14
2025-10-09,2025-10-09T06:01:57.247798+00:00,0.018,25,8,17
2025-10-14,2025-10-14T07:51:40.073871+00:00,0.0,13,5,8
2025-10-16,2025-10-16T09:25:43.940664+00:00,0.005,23,4,19
2025-12-23,2025-12-23T06:55:22.708863+00:00,0.001,0,0,0
2026-02-06,2026-02-06T05:57:02.333212+00:00,0.009,3,0,3
2026-03-13,2026-03-13T08:00:59.849920+00:00,0.0,6,0,6
2026-03-15,2026-03-15T08:56:00.494258+00:00,0.0,3,0,3
2026-03-18,2026-03-18T06:34:24.675506+00:00,0.0,6,0,6
2026-03-23,2026-03-23T08:35:45.377541+00:00,0.19,2,0,2
2026-03-28,2026-03-28T06:39:56.580356+00:00,0.0,1,0,1
2026-04-02,2026-04-02T09:03:19.854716+00:00,0.0,0,0,0
2026-04-07,2026-04-07T06:32:51.116729+00:00,0.0,0,0,0
2026-04-12,2026-04-12T07:37:32.311820+00:00,0.0,0,0,0
2026-04-17,2026-04-17T07:17:42.371828+00:00,0.0,0,0,0
2026-04-24,2026-04-24T09:32:24.412912+00:00,0.058,0,0,0
2026-05-07,2026-05-07T06:38:52.514549+00:00,0.0,7,0,7
2026-06-01,2026-06-01T07:45:29.526339+00:00,0.0,8,0,8
2026-06-03,2026-08-17T05:21:21.002242+00:00,0.0,9,0,9
2026-06-06,2026-06-06T06:36:32.218327+00:00,0.001,8,0,8
2026-06-11,2026-06-11T07:40:52.956628+00:00,0.0,6,0,6
2026-06-16,2026-06-16T06:44:18.452231+00:00,0.0,8,0,8
2026-06-21,2026-06-21T07:36:09.179382+00:00,0.0,0,0,0
2026-06-23,2026-06-23T08:44:53.067357+00:00,0.167,5,0,5
2026-06-26,2026-06-26T06:34:20.621833+00:00,0.123,6,0,6
2026-07-01,2026-07-01T07:50:56.893317+00:00,0.0,7,0,7
2026-07-06,2026-07-06T06:47:06.037248+00:00,0.0,8,0,8
2026-07-11,2026-07-12T12:24:23.231706+00:00,0.03,6,0,6
2026-07-13,2026-07-13T08:47:56.831882+00:00,0.0,8,0,8
2026-07-16,2026-07-16T06:42:55.180774+00:00,0.0,11,0,11
2026-07-21,2026-07-21T08:40:17.826710+00:00,0.0,10,0,10
2026-07-26,2026-07-26T06:46:56.535268+00:00,0.0,13,0,13
2026-07-31,2026-07-31T08:01:45.166900+00:00,0.174,0,0,0
2026-08-05,2026-08-05T06:28:05.376059+00:00,0.0,6,0,6
2026-08-10,2026-08-10T08:06:02.378720+00:00,0.001,3,0,3
2026-08-15,2026-08-15T06:44:48.505472+00:00,0.0,0,0,0
2026-08-20,2026-08-20T07:43:16.024039+00:00,0.0,0,0,0
2026-08-25,2026-08-25T06:44:25.562554+00:00,0.0,3,0,3
2026-08-30,2026-08-30T07:40:04.365946+00:00,0.0,14,0,14
2026-09-04,2026-09-04T15:53:38.120323+00:00,0.0,10,0,10
2026-09-09,2026-09-09T06:21:10.038309+00:00,0.0,2,0,2
2026-09-11,2026-09-11T09:35:48.701466+00:00,0.006,0,0,0
2026-09-14,2026-09-14T07:43:52.299049+00:00,0.0,5,0,5
2026-09-19,2026-09-19T07:21:19.000715+00:00,0.0,12,0,12
