date,created,cloud_frac,hot_px20
2022-01-03,2022-11-06T03:58:56.845367+00:00,0.026,10
2022-01-18,2022-11-03T18:44:05.624674+00:00,0.011,20
2022-01-23,2022-11-05T20:29:48.197748+00:00,0.005,8
2022-02-02,2022-11-06T03:59:07.099578+00:00,0.0,34
2022-02-12,2022-11-03T18:24:06.882162+00:00,0.002,13
2022-02-22,2022-11-06T03:59:12.506427+00:00,0.0,16
2022-02-27,2022-11-06T04:00:15.991943+00:00,0.007,18
2022-03-09,2022-11-03T18:32:37.772361+00:00,0.0,2
2022-03-24,2022-11-03T18:20:38.297145+00:00,0.024,0
2022-03-29,2022-11-03T18:40:54.224437+00:00,0.0,0
2022-04-03,2022-11-06T03:59:03.359172+00:00,0.0,20
2022-04-13,2022-11-06T03:59:18.501712+00:00,0.0,17
2022-04-28,2022-11-06T04:40:34.289172+00:00,0.014,0
2022-05-03,2022-11-03T18:31:00.358505+00:00,0.001,0
2022-05-13,2022-11-03T19:14:03.295606+00:00,0.011,5
2022-06-17,2022-11-06T04:40:57.972857+00:00,0.0,0
2022-07-02,2022-11-05T20:31:22.102470+00:00,0.007,0
2022-07-07,2022-11-06T04:00:07.644378+00:00,0.002,0
2022-07-12,2022-11-03T18:45:54.999820+00:00,0.0,0
2022-07-27,2022-11-06T03:59:33.166756+00:00,0.037,80
2022-10-20,2022-11-06T03:59:57.524283+00:00,0.008,0
2022-10-30,2022-11-06T04:37:40.200258+00:00,0.016,0
2022-11-14,2025-02-20T12:58:05.154283+00:00,0.003,0
2022-12-04,2022-12-04T21:58:43.904696+00:00,0.015,0
2022-12-09,2022-12-11T00:11:54.811698+00:00,0.038,0
2022-12-14,2022-12-14T22:38:02.386478+00:00,0.025,0
2022-12-19,2022-12-20T01:07:45.887805+00:00,0.015,0
2022-12-24,2022-12-25T00:16:27.434748+00:00,0.017,0
2022-12-29,2022-12-30T00:59:12.375561+00:00,0.0,15
2023-01-03,2023-01-03T23:35:03.214881+00:00,0.004,15
2023-01-08,2023-01-08T22:53:59.296965+00:00,0.022,0
2023-01-13,2023-01-14T01:12:54.235195+00:00,0.025,12
2023-01-28,2023-01-28T21:57:32.121430+00:00,0.02,0
2023-02-02,2023-02-03T00:31:26.883350+00:00,0.028,0
2023-02-12,2023-02-13T00:10:30.080061+00:00,0.014,12
2023-02-17,2023-02-18T02:05:40.795117+00:00,0.0,16
2023-02-27,2023-02-28T03:39:06.735830+00:00,0.013,6
2023-03-19,2023-03-20T02:49:37.738543+00:00,0.038,25
2023-03-29,2023-03-30T00:43:05.073304+00:00,0.001,2
2023-04-13,2023-04-14T01:18:46.859735+00:00,0.0,24
2023-04-18,2023-04-19T02:05:12.253143+00:00,0.045,68
2023-05-03,2023-05-04T00:26:19.979840+00:00,0.08,14
2023-05-18,2023-05-19T02:32:03.999203+00:00,0.009,36
2023-06-17,2026-08-18T16:29:58.109382+00:00,0.0,0
2023-07-27,2023-07-28T02:26:33.260275+00:00,0.0,0
2023-08-06,2023-08-07T01:41:45.403622+00:00,0.0,0
2023-08-26,2023-08-27T02:00:27.710652+00:00,0.0,0
2023-08-31,2023-09-01T01:06:31.022900+00:00,0.02,0
2023-09-15,2023-09-16T03:16:10.929284+00:00,0.001,0
2023-09-25,2023-09-26T00:51:11.435474+00:00,0.106,0
2023-11-19,2023-11-19T20:44:37.582591+00:00,0.015,0
2023-11-29,2023-11-29T20:51:55.182328+00:00,0.004,0
2023-12-04,2023-12-04T22:42:09.030008+00:00,0.037,0
2023-12-09,2023-12-09T20:47:30.612475+00:00,0.002,0
2023-12-19,2023-12-19T21:02:30.401387+00:00,0.071,0
2023-12-29,2023-12-29T20:51:14.554364+00:00,0.002,0
2024-01-08,2024-01-08T20:57:52.228985+00:00,0.003,0
2024-01-18,2024-01-18T21:25:53.790028+00:00,0.018,0
2024-02-02,2024-02-02T22:16:40.580565+00:00,0.001,0
2024-02-07,2024-02-07T21:13:04.105233+00:00,0.05,0
2024-02-12,2024-02-12T22:31:28.193637+00:00,0.007,0
2024-02-17,2024-02-17T21:44:09.224433+00:00,0.0,0
2024-02-27,2024-02-27T21:28:23.586351+00:00,0.024,0
2024-03-03,2024-03-03T22:37:23.248226+00:00,0.009,0
2024-03-08,2024-03-08T20:30:46.187439+00:00,0.001,0
2024-03-13,2024-08-29T17:29:21.998512+00:00,0.002,0
2024-03-18,2024-03-18T22:55:16.091096+00:00,0.0,0
2024-03-23,2024-03-23T23:40:48.467182+00:00,0.001,0
2024-04-02,2024-04-02T23:59:23.483653+00:00,0.001,0
2024-04-07,2024-04-07T21:08:25.339812+00:00,0.03,0
2024-04-17,2024-04-17T23:23:44.726245+00:00,0.0,0
2024-04-27,2024-04-27T21:21:58.041135+00:00,0.0,0
2024-05-12,2024-05-12T23:55:09.144078+00:00,0.0,0
2024-05-17,2024-05-17T20:39:27.561222+00:00,0.0,0
2024-06-01,2024-06-01T23:07:48.737517+00:00,0.0,0
2024-06-26,2024-06-29T08:10:17.995483+00:00,0.0,0
2024-07-01,2024-07-02T00:24:32.145971+00:00,0.004,0
2024-07-06,2024-07-07T09:30:00.498668+00:00,0.0,0
2024-07-11,2024-07-12T00:05:58.916121+00:00,0.02,0
2024-07-16,2024-07-16T20:48:21.738716+00:00,0.0,0
2024-08-10,2024-08-10T22:13:36.150792+00:00,0.0,0
2024-08-25,2024-08-25T20:24:41.899568+00:00,0.0,0
2024-09-04,2024-09-04T22:18:05.239274+00:00,0.0,0
2024-09-14,2024-09-14T22:08:10.267141+00:00,0.0,0
2024-09-24,2024-09-25T06:15:45.606219+00:00,0.0,0
2024-10-04,2024-10-04T20:27:00.454023+00:00,0.0,0
2024-10-24,2024-10-24T22:48:02.626857+00:00,0.009,0
2024-11-13,2024-11-13T20:26:35.709735+00:00,0.039,0
2024-11-18,2024-11-18T23:36:25.717591+00:00,0.022,0
2024-11-28,2024-11-28T21:45:36.966389+00:00,0.018,0
2024-12-03,2024-12-03T19:57:50.809804+00:00,0.019,0
2024-12-08,2024-12-08T21:53:19.653908+00:00,0.012,0
2024-12-13,2024-12-13T19:43:51.094009+00:00,0.049,0
2024-12-18,2024-12-18T22:01:16.042249+00:00,0.023,0
2024-12-28,2024-12-28T21:40:59.472543+00:00,0.02,0
