year,forecast_at,eligible,reason,history_counties,prior_area_counties,missing_prior_area_counties,forecast_weighted_counties,total_reported_prior_area_ha,forecast_prior_area_ha,prior_area_coverage,weight_harvest_year,weather,satellite,trend
2013,2013-08-15 12:00:00,True,,2120,1675,445,1355,34228898.715,27919216.968,0.815662145617,2012,9.40373631566,9.38975622667,8.96045905158
2014,2014-08-15 12:00:00,True,,2122,1528,594,1410,32749971.129,32547499.719,0.99381766142,2013,9.84230494411,9.8410403581,9.36761142531
2015,2015-08-15 12:00:00,True,,2123,1542,581,1433,31189464.117,30965762.145,0.992827642977,2014,10.3665390768,10.375322912,9.83939697288
2016,2016-08-15 12:00:00,True,,2124,1420,704,1360,29410241.037,29358929.124,0.998255304575,2015,10.0512662989,10.1324605842,10.1653553855
2017,2017-08-15 12:00:00,True,,2126,1488,638,1423,31973347.782,31853394.702,0.996248341562,2016,10.4199793173,10.4650672144,10.4439006971
2018,2018-08-15 12:00:00,True,,2128,1476,652,1415,30578156.673,29961349.356,0.97982849903,2017,11.1041249306,11.1635063265,10.7438647218
2019,2019-08-15 12:00:00,True,,2128,1337,791,1305,27776232.411,27696182.751,0.997118051908,2018,11.2193605572,11.1387053272,11.1085642905
2020,2020-08-15 12:00:00,True,,2130,1247,883,1223,25414816.005,25368765.192,0.9981880328,2019,11.2329236589,11.3087384943,11.1939989916
2021,2021-08-15 12:00:00,True,,2133,1646,487,1587,31814673.006,31732203.24,0.997407807209,2020,11.3159544013,11.3593370959,11.0381738307
2022,2022-08-15 12:00:00,True,,2136,1453,683,1409,27603814.023,27545695.056,0.997894531279,2021,10.9557086514,10.9833839807,11.1100501106
2023,2023-08-15 12:00:00,True,,2138,1488,650,1448,28903091.232,28759402.497,0.995028603209,2022,11.5551457601,11.6117255162,11.3899073383
