year,SMN,SMT,satellite_weeks,satellite_period_end,satellite_available,winter_precip_inches,winter_tavg_f,ground_months,ground_available,yield,production_bu,planted_acres,harvested_acres,official_june_yield,official_may_yield,march_planted_acres,production_per_planted_acre,label_available,forecast_at,prior_SMN,prior_SMT,prior_yield,prior_production_per_planted_acre
1982,0.22119999999999998,297.206,5,1982-04-01,1982-05-27,18.66,57.425000000000004,8,1982-06-14,24.0,144000000.0,8200000.0,6000000.0,,,,17.5609756097561,1982-11-01,1982-06-15,,,28.0,23.512820512820515
1983,0.21399999999999997,295.774,5,1983-04-01,1983-05-27,17.93,55.85,8,1983-06-14,35.0,161000000.0,7750000.0,4600000.0,,,,20.774193548387096,1983-11-01,1983-06-15,0.22119999999999998,297.206,24.0,17.5609756097561
1984,0.21339999999999998,296.21999999999997,5,1984-03-31,1984-05-26,13.48,56.35,8,1984-06-14,30.0,150000000.0,7400000.0,5000000.0,,,,20.27027027027027,1984-11-01,1984-06-15,0.21399999999999997,295.774,35.0,20.774193548387096
1985,0.2882,297.92400000000004,5,1985-04-01,1985-05-27,22.060000000000002,57.3125,8,1985-06-14,32.0,187200000.0,8100000.0,5850000.0,,,,23.11111111111111,1985-11-01,1985-06-15,0.21339999999999998,296.21999999999997,30.0,20.27027027027027
1986,0.2452,300.87,5,1986-04-01,1986-05-27,16.840000000000003,58.837500000000006,8,1986-06-14,25.0,120000000.0,8100000.0,4800000.0,,,,14.814814814814815,1986-11-01,1986-06-15,0.2882,297.92400000000004,32.0,23.11111111111111
1987,0.2742,295.35999999999996,5,1987-04-01,1987-05-27,23.630000000000003,55.9125,8,1987-06-14,28.0,100800000.0,6800000.0,3600000.0,,,,14.823529411764707,1987-11-01,1987-06-15,0.2452,300.87,25.0,14.814814814814815
1988,0.22279999999999997,298.05600000000004,5,1988-03-31,1988-05-26,12.41,56.25,8,1988-06-14,28.0,89600000.0,6300000.0,3200000.0,,,,14.222222222222221,1988-11-01,1988-06-15,0.2742,295.35999999999996,28.0,14.823529411764707
1989,0.1898,299.156,5,1989-04-01,1989-05-27,14.61,58.474999999999994,8,1989-06-14,20.0,60000000.0,6700000.0,3000000.0,,,,8.955223880597014,1989-11-01,1989-06-15,0.22279999999999997,298.05600000000004,28.0,14.222222222222221
1990,0.22759999999999997,298.822,5,1990-04-01,1990-05-27,17.490000000000002,57.725,8,1990-06-14,31.0,130200000.0,6700000.0,4200000.0,29.0,29.0,,19.432835820895523,1990-11-01,1990-06-15,0.1898,299.156,20.0,8.955223880597014
1991,0.2326,301.15999999999997,5,1991-04-01,1991-05-27,18.31,58.1875,8,1991-06-14,30.0,84000000.0,6200000.0,2800000.0,26.0,24.0,,13.548387096774194,1991-11-01,1991-06-15,0.22759999999999997,298.822,31.0,19.432835820895523
1992,0.2586,298.248,5,1992-03-31,1992-05-26,26.19,57.325,8,1992-06-14,34.0,129200000.0,5900000.0,3800000.0,32.0,32.0,,21.89830508474576,1992-11-01,1992-06-15,0.2326,301.15999999999997,30.0,13.548387096774194
1993,0.2258,295.62800000000004,5,1993-04-01,1993-05-27,18.6,56.525,8,1993-06-14,32.0,118400000.0,6100000.0,3700000.0,32.0,32.0,,19.40983606557377,1993-11-01,1993-06-15,0.2586,298.248,34.0,21.89830508474576
1994,0.22519999999999998,294.87600000000003,5,1994-04-01,1994-05-27,16.95,56.900000000000006,8,1994-06-14,26.0,75400000.0,6000000.0,2900000.0,29.0,29.0,,12.566666666666666,1994-11-01,1994-06-15,0.2258,295.62800000000004,32.0,19.40983606557377
1995,0.2468,297.834,5,1995-04-01,1995-05-27,21.57,58.662499999999994,8,1995-06-14,27.0,75600000.0,5800000.0,2800000.0,28.0,28.0,,13.03448275862069,1995-11-01,1995-06-15,0.22519999999999998,294.87600000000003,26.0,12.566666666666666
1996,0.18519999999999998,300.846,5,1996-03-31,1996-05-26,8.549999999999999,58.2375,8,1996-06-14,26.0,75400000.0,6000000.0,2900000.0,24.0,22.0,,12.566666666666666,1996-11-01,1996-06-15,0.2468,297.834,27.0,13.03448275862069
1997,0.23500000000000001,296.53000000000003,5,1997-04-01,1997-05-27,21.36,56.875,8,1997-06-14,29.0,118900000.0,6300000.0,4100000.0,28.0,28.0,,18.873015873015873,1997-11-01,1997-06-15,0.18519999999999998,300.846,26.0,12.566666666666666
1998,0.2666,296.44,5,1998-04-01,1998-05-27,16.44,57.55,8,1998-06-14,35.0,136500000.0,6100000.0,3900000.0,33.0,30.0,,22.37704918032787,1998-11-01,1998-06-15,0.23500000000000001,296.53000000000003,29.0,18.873015873015873
1999,0.2742,297.052,5,1999-04-01,1999-05-27,20.45,59.925,8,1999-06-14,36.0,122400000.0,6200000.0,3400000.0,33.0,31.0,,19.741935483870968,1999-11-01,1999-06-15,0.2666,296.44,35.0,22.37704918032787
2000,0.2344,297.102,5,2000-03-31,2000-05-26,12.26,60.7625,8,2000-06-14,30.0,66000000.0,6000000.0,2200000.0,31.0,32.0,,11.0,2000-11-01,2000-06-15,0.2742,297.052,36.0,19.741935483870968
2001,0.27140000000000003,294.32800000000003,5,2001-04-01,2001-05-27,22.43,56.4625,8,2001-06-14,34.0,108800000.0,5600000.0,3200000.0,32.0,30.0,,19.428571428571427,2001-11-01,2001-06-15,0.2344,297.102,30.0,11.0
2002,0.23500000000000001,297.668,5,2002-04-01,2002-05-27,15.0,58.5,8,2002-06-14,29.0,78300000.0,6400000.0,2700000.0,32.0,32.0,,12.234375,2002-11-01,2002-06-15,0.27140000000000003,294.32800000000003,34.0,19.428571428571427
2003,,,5,2003-04-01,2003-05-27,17.49,57.474999999999994,8,2003-06-14,28.0,96600000.0,6600000.0,3450000.0,29.0,31.0,,14.636363636363637,2003-11-01,2003-06-15,0.23500000000000001,297.668,29.0,12.234375
2004,,,5,2004-03-31,2004-05-26,18.64,58.825,8,2004-06-14,31.0,108500000.0,6300000.0,3500000.0,33.0,33.0,,17.22222222222222,2004-11-01,2004-06-15,,,28.0,14.636363636363637
2005,0.2836,295.942,5,2005-04-01,2005-05-27,20.729999999999997,58.525000000000006,8,2005-06-14,32.0,96000000.0,5500000.0,3000000.0,30.0,30.0,,17.454545454545453,2005-11-01,2005-06-15,,,31.0,17.22222222222222
2006,0.209,300.496,5,2006-04-01,2006-05-27,11.309999999999999,60.362500000000004,8,2006-06-14,24.0,33600000.0,5550000.0,1400000.0,25.0,27.0,,6.054054054054054,2006-11-01,2006-06-15,0.2836,295.942,32.0,17.454545454545453
2007,0.26999999999999996,297.40999999999997,5,2007-04-01,2007-05-27,23.439999999999998,57.475,8,2007-06-14,37.0,140600000.0,6200000.0,3800000.0,35.0,34.0,,22.677419354838708,2007-11-01,2007-06-15,0.209,300.496,24.0,6.054054054054054
2008,0.23020000000000002,298.896,5,2008-03-31,2008-05-26,12.25,59.0875,8,2008-06-14,30.0,99000000.0,5800000.0,3300000.0,30.0,29.0,,17.06896551724138,2008-11-01,2008-06-15,0.26999999999999996,297.40999999999997,37.0,22.677419354838708
2009,0.217,300.204,5,2009-04-01,2009-05-27,12.4,58.9625,8,2009-06-14,25.0,61250000.0,6400000.0,2450000.0,27.0,27.0,,9.5703125,2009-11-01,2009-06-15,0.23020000000000002,298.896,30.0,17.06896551724138
2010,0.2334,296.0,5,2010-04-01,2010-05-27,20.82,55.825,8,2010-06-14,33.0,123750000.0,5700000.0,3750000.0,35.0,35.0,,21.710526315789473,2010-11-01,2010-06-15,0.217,300.204,25.0,9.5703125
2011,0.21680000000000002,301.558,5,2011-04-01,2011-05-27,7.26,59.1125,8,2011-06-14,25.0,47500000.0,5300000.0,1900000.0,26.0,26.0,,8.962264150943396,2011-11-01,2011-06-15,0.2334,296.0,33.0,21.710526315789473
2012,0.2974,299.654,5,2012-03-31,2012-05-26,18.15,60.125,8,2012-06-14,33.0,95700000.0,5600000.0,2900000.0,31.0,31.0,,17.089285714285715,2012-11-01,2012-06-15,0.21680000000000002,301.558,25.0,8.962264150943396
2013,0.23040000000000002,298.54600000000005,5,2013-04-01,2013-05-27,10.489999999999998,58.5375,8,2013-06-14,29.0,68150000.0,6300000.0,2350000.0,30.0,27.0,,10.817460317460318,2013-11-01,2013-06-15,0.2974,299.654,33.0,17.089285714285715
2014,0.22359999999999997,300.0,5,2014-04-01,2014-05-27,13.9,56.1875,8,2014-06-14,30.0,67500000.0,6000000.0,2250000.0,25.0,29.0,5900000.0,11.25,2014-11-01,2014-06-15,0.23040000000000002,298.54600000000005,29.0,10.817460317460318
2015,0.2496,296.89400000000006,5,2015-04-01,2015-05-27,26.05,57.3,8,2015-06-14,30.0,106500000.0,6100000.0,3550000.0,32.0,35.0,5900000.0,17.459016393442624,2015-11-01,2015-06-15,0.22359999999999997,300.0,30.0,11.25
2016,0.2698,297.756,5,2016-03-31,2016-05-26,26.58,59.7125,8,2016-06-14,32.0,89600000.0,5000000.0,2800000.0,32.0,30.0,5000000.0,17.92,2016-11-01,2016-06-15,0.2496,296.89400000000006,30.0,17.459016393442624
2017,0.2626,299.022,5,2017-04-01,2017-05-27,16.27,61.675000000000004,8,2017-06-14,29.0,68150000.0,4700000.0,2350000.0,30.0,30.0,4800000.0,14.5,2017-11-01,2017-06-15,0.2698,297.756,32.0,17.92
2018,0.2292,299.21799999999996,5,2018-04-01,2018-05-27,12.100000000000001,59.175,8,2018-06-14,32.0,56000000.0,4500000.0,1750000.0,27.0,27.0,4700000.0,12.444444444444445,2018-11-01,2018-06-15,0.2626,299.022,29.0,14.5
2019,0.2646,296.092,5,2019-04-01,2019-05-27,24.48,57.2375,8,2019-06-14,34.0,71400000.0,4600000.0,2100000.0,33.0,33.0,4500000.0,15.521739130434783,2019-11-01,2019-06-15,0.2292,299.21799999999996,32.0,12.444444444444445
2020,0.259,296.07000000000005,5,2020-03-31,2020-05-26,17.44,59.0125,8,2020-06-14,30.0,60000000.0,4900000.0,2000000.0,33.0,35.0,4800000.0,12.244897959183673,2020-11-01,2020-06-15,0.2646,296.092,34.0,15.521739130434783
2021,0.24180000000000001,298.674,5,2021-04-01,2021-05-27,16.11,57.66250000000001,8,2021-06-14,37.0,74000000.0,5500000.0,2000000.0,34.0,32.0,5500000.0,13.454545454545455,2021-11-01,2021-06-15,0.259,296.07000000000005,30.0,12.244897959183673
2022,0.21600000000000003,300.52,5,2022-04-01,2022-05-27,10.81,60.2,8,2022-06-14,30.0,39000000.0,5300000.0,1300000.0,31.0,32.0,5500000.0,7.3584905660377355,2022-11-01,2022-06-15,0.24180000000000001,298.674,37.0,13.454545454545455
2023,0.2468,298.76000000000005,5,2023-04-01,2023-05-27,17.380000000000003,59.125,8,2023-06-14,37.0,77700000.0,6400000.0,2100000.0,30.0,28.0,6700000.0,12.140625,2023-11-01,2023-06-15,0.21600000000000003,300.52,30.0,7.3584905660377355
2024,0.2732,298.524,5,2024-03-31,2024-05-26,20.82,60.3,8,2024-06-14,31.0,80600000.0,5500000.0,2600000.0,34.0,34.0,5900000.0,14.654545454545454,2024-11-01,2024-06-15,0.2468,298.76000000000005,37.0,12.140625
2025,0.2386,299.85599999999994,5,2025-04-01,2025-05-27,15.870000000000001,61.0,8,2025-06-14,37.0,85100000.0,5500000.0,2300000.0,30.0,31.0,5500000.0,15.472727272727273,2025-11-01,2025-06-15,0.2732,298.524,31.0,14.654545454545454
