year,forecast_at,target,actual,eligible,n_train,reason,weather,satellite,placebo,training_first_year,training_last_year,mean,persistence,trend,official_june_yield,official_may_yield
2000,2000-06-15,yield,30.0,True,17,,27.816191228156885,29.038821026004136,27.55237079172012,1983.0,1999.0,29.647058823529413,36.0,30.683823529411775,31.0,32.0
2001,2001-06-15,yield,34.0,True,18,,32.77075444538191,34.01831742284074,33.004825591275015,1983.0,2000.0,29.666666666666668,30.0,30.64705882352943,32.0,30.0
2002,2002-06-15,yield,29.0,True,19,,30.66738627732359,30.34545799517128,31.09296595844061,1983.0,2001.0,29.894736842105264,34.0,31.45614035087719,32.0,32.0
2003,2003-06-15,yield,28.0,False,20,Incomplete or unavailable features,,,,,,,,,,
2004,2004-06-15,yield,31.0,False,20,Incomplete or unavailable features,,,,,,,,,,
2005,2005-06-15,yield,32.0,False,20,Incomplete or unavailable features,,,,,,,,,,
2006,2006-06-15,yield,24.0,True,20,,28.569764960133778,27.220297478173137,28.507951993751746,1983.0,2002.0,29.85,32.0,31.484210526315785,25.0,27.0
2007,2007-06-15,yield,37.0,True,21,,31.90019548721609,32.0953967384839,31.78246243665299,1983.0,2006.0,29.571428571428573,24.0,29.658773424190798,35.0,34.0
2008,2008-06-15,yield,30.0,True,22,,29.561180548138527,29.171613277572387,29.533325295108035,1983.0,2007.0,29.90909090909091,37.0,31.350740625416996,30.0,29.0
2009,2009-06-15,yield,25.0,True,23,,29.323407155126535,28.328336491822746,29.530305752945228,1983.0,2008.0,29.91304347826087,30.0,31.172413793103452,27.0,27.0
2010,2010-06-15,yield,33.0,True,24,,33.35082345162682,32.32031930881666,33.23026160740817,1983.0,2009.0,29.708333333333332,25.0,30.088615023474187,35.0,35.0
2011,2011-06-15,yield,25.0,True,25,,26.81021539483331,26.632163267625554,27.04141031278577,1983.0,2010.0,29.84,33.0,30.625061124694376,26.0,26.0
2012,2012-06-15,yield,33.0,True,26,,29.46210909189392,32.58631988205646,29.305987605331254,1983.0,2011.0,29.653846153846153,25.0,29.7533271432993,31.0,31.0
2013,2013-06-15,yield,29.0,True,27,,28.463447734750446,29.002383340602062,28.22787156812126,1983.0,2012.0,29.77777777777778,33.0,30.260796114454628,30.0,27.0
2014,2014-06-15,yield,30.0,True,28,,30.912901137802265,29.29827565153977,30.92863684659383,1983.0,2013.0,29.75,29.0,30.106366224483597,25.0,29.0
2015,2015-06-15,yield,30.0,True,29,,35.43330209789691,33.42934435434965,35.447294281955664,1983.0,2014.0,29.75862068965517,30.0,30.1130006565988,32.0,35.0
2016,2016-06-15,yield,32.0,True,30,,33.32584877399774,32.476851874174606,33.17026026203762,1983.0,2015.0,29.766666666666666,30.0,30.11877328747493,32.0,30.0
2017,2017-06-15,yield,29.0,True,31,,28.896477955082688,30.060239359411224,28.852118237303035,1983.0,2016.0,29.838709677419356,32.0,30.377929923479677,30.0,30.0
2018,2018-06-15,yield,32.0,True,32,,28.53227272573897,28.601009235812118,28.527053867465696,1983.0,2017.0,29.8125,29.0,30.239795192717967,27.0,27.0
2019,2019-06-15,yield,34.0,True,33,,33.6851158584893,33.761045315784955,33.69592058251975,1983.0,2018.0,29.87878787878788,32.0,30.469972243250044,33.0,33.0
2020,2020-06-15,yield,30.0,True,34,,30.93654479919636,32.47787043916694,30.74173136482317,1983.0,2019.0,30.0,34.0,30.901893287435453,33.0,35.0
2021,2021-06-15,yield,37.0,True,35,,30.958450216661724,30.74910974898882,30.670212628755387,1983.0,2020.0,30.0,30.0,30.8497643732328,34.0,32.0
2022,2022-06-15,yield,30.0,True,36,,28.962783439544374,27.4522139422905,28.78841124861607,1983.0,2021.0,30.194444444444443,37.0,31.546395939086285,31.0,32.0
2023,2023-06-15,yield,37.0,True,37,,31.54114527269151,31.356812939806755,31.487384946830183,1983.0,2022.0,30.18918918918919,30.0,31.454039803724346,30.0,28.0
2024,2024-06-15,yield,31.0,True,38,,32.62541959027555,32.8963341288354,32.75605905873477,1983.0,2023.0,30.36842105263158,37.0,32.07063110026109,34.0,34.0
2025,2025-06-15,yield,37.0,True,39,,30.74871269917756,29.952375368648763,30.66033630680086,1983.0,2024.0,30.384615384615383,31.0,32.04714392616614,30.0,31.0
