year,forecast_at,target,actual,eligible,n_train,reason,weather,satellite,placebo,training_first_year,training_last_year,mean,persistence,trend
2000,2000-06-15,production_per_planted_acre,11.0,True,17,,13.585844256631221,14.720754127566043,13.060650619084091,1983.0,1999.0,17.083561526842658,19.741935483870968,16.66603026300861
2001,2001-06-15,production_per_planted_acre,19.428571428571427,True,18,,18.321366299992647,19.754433551969814,17.592092618742786,1983.0,2000.0,16.74558588646251,11.0,15.360520064136256
2002,2002-06-15,production_per_planted_acre,12.234375,True,19,,15.80828790603498,15.541064991706893,15.356452285879865,1983.0,2001.0,16.886795651836668,19.428571428571427,16.07115552798299
2003,2003-06-15,production_per_planted_acre,14.636363636363637,False,20,Incomplete or unavailable features,,,,,,,,
2004,2004-06-15,production_per_planted_acre,17.22222222222222,False,20,Incomplete or unavailable features,,,,,,,,
2005,2005-06-15,production_per_planted_acre,17.454545454545453,False,20,Incomplete or unavailable features,,,,,,,,
2006,2006-06-15,production_per_planted_acre,6.054054054054054,True,20,,11.7428746032697,10.688391166333387,11.068228644056287,1983.0,2002.0,16.654174619244834,17.454545454545453,14.813109921645651
2007,2007-06-15,production_per_planted_acre,22.677419354838708,True,21,,16.179422116886933,16.7936215842654,16.504517250499106,1983.0,2006.0,16.14940697328337,6.054054054054054,12.39868388585828
2008,2008-06-15,production_per_planted_acre,17.06896551724138,True,22,,12.831118125086846,12.491671686965322,13.285844972058449,1983.0,2007.0,16.446134808808612,22.677419354838708,14.488176507355483
2009,2009-06-15,production_per_planted_acre,9.5703125,True,23,,13.635804973671371,12.838738811005404,15.260805371800998,1983.0,2008.0,16.473214404827427,17.06896551724138,14.884882046338745
2010,2010-06-15,production_per_planted_acre,21.710526315789473,True,24,,19.407065958313947,18.29506833658126,19.424711819389696,1983.0,2009.0,16.185593492126284,9.5703125,13.76875904877186
2011,2011-06-15,production_per_planted_acre,8.962264150943396,True,25,,11.175505124014741,11.221825244340959,12.444844779921505,1983.0,2010.0,16.40659080507281,21.710526315789473,15.001814967149361
2012,2012-06-15,production_per_planted_acre,17.089285714285715,True,26,,13.38559341976369,16.463986424690482,14.138466834229977,1983.0,2011.0,16.120270549144756,8.962264150943396,13.919892589890836
2013,2013-06-15,production_per_planted_acre,10.817460317460318,True,27,,12.785411499927996,13.319652864129534,11.736699865693746,1983.0,2012.0,16.156159999705533,17.089285714285715,14.269942340536522
2014,2014-06-15,production_per_planted_acre,11.25,True,28,,16.367243713779438,15.48048321746868,16.2667225975633,1983.0,2013.0,15.96549215391106,10.817460317460318,13.649253685279449
2015,2015-06-15,production_per_planted_acre,17.459016393442624,True,29,,20.392922076831216,18.569846635815928,20.318651561462335,1983.0,2014.0,15.802888976189989,11.25,13.17673710482705
2016,2016-06-15,production_per_planted_acre,17.92,True,30,,18.134974193381723,17.122561855674515,17.584768028227213,1983.0,2015.0,15.858093223431744,17.459016393442624,13.590906636553267
2017,2017-06-15,production_per_planted_acre,14.5,True,31,,11.672329087092319,12.618294794258219,11.511251373043663,1983.0,2016.0,15.924606345256526,17.92,14.011425189863461
2018,2018-06-15,production_per_planted_acre,12.444444444444445,True,32,,11.937683188640563,11.921813091901559,11.774775184048597,1983.0,2017.0,15.88008739696726,14.5,13.964393665062701
2019,2019-06-15,production_per_planted_acre,15.521739130434783,True,33,,18.978770878140086,19.16331532465233,18.94466222530003,1983.0,2018.0,15.775977004466569,12.444444444444445,13.681458853909582
2020,2020-06-15,production_per_planted_acre,12.244897959183673,True,34,,14.206050704724783,15.611924563062605,13.343973492441403,1983.0,2019.0,15.76849941993622,15.521739130434783,13.778948162337329
2021,2021-06-15,production_per_planted_acre,13.454545454545455,True,35,,14.141446728497998,14.037866267762524,13.0221491724659,1983.0,2020.0,15.667825092486146,12.244897959183673,13.507376438045156
2022,2022-06-15,production_per_planted_acre,7.3584905660377355,True,36,,10.090309273863415,9.046485498964,10.81558077265676,1983.0,2021.0,15.60634510254335,13.454545454545455,13.39217461211975
2023,2023-06-15,production_per_planted_acre,12.140625,True,37,,13.098229504716379,13.137061397084878,13.794639155617496,1983.0,2022.0,15.383430115070226,7.3584905660377355,12.66045791549851
2024,2024-06-15,production_per_planted_acre,14.654545454545454,True,38,,13.949799636700314,14.459230770766824,13.855117851621225,1983.0,2023.0,15.298093138357851,12.140625,12.476368318154739
2025,2025-06-15,production_per_planted_acre,15.472727272727273,True,39,,11.36651352275457,10.487772835147865,11.023273523702002,1983.0,2024.0,15.281591915695994,14.654545454545454,12.554580333122688
