year,issue,final_min,observed_min,current,slope_7d,analog_forecast,all_years_forecast,persistence_forecast,n_training,label_below_4_4,analog_below_4_4,all_years_below_4_4,label_below_4_5,analog_below_4_5,all_years_below_4_5,label_below_4_6,analog_below_4_6,all_years_below_4_6,label_below_4_8,analog_below_4_8,all_years_below_4_8,label_below_5_0,analog_below_5_0,all_years_below_5_0,actual_bin,analog_bin_0,analog_bin_1,analog_bin_2,analog_bin_3,analog_bin_4,analog_bin_5,analog_bin_6,all_years_bin_0,all_years_bin_1,all_years_bin_2,all_years_bin_3,all_years_bin_4,all_years_bin_5,all_years_bin_6
2008,2008-08-15,4.548,6.155,6.155,-0.5350000000000001,4.9839166666666666,5.00845,6.155,20,0,0.11538461538461539,0.07142857142857142,0,0.11538461538461539,0.07142857142857142,1,0.11538461538461539,0.07142857142857142,1,0.34615384615384615,0.2619047619047619,1,0.4230769230769231,0.4523809523809524,3,0.010989010989010988,0.010989010989010988,0.0879120879120879,0.010989010989010988,0.24175824175824176,0.0879120879120879,0.5494505494505495,0.006802721088435374,0.006802721088435374,0.05442176870748299,0.006802721088435374,0.19727891156462588,0.19727891156462588,0.5306122448979591
2008,2008-09-01,4.548,5.012,5.012,-0.4640000000000004,4.644583333333333,4.6503,5.012,20,0,0.11538461538461539,0.11904761904761904,0,0.2692307692307692,0.21428571428571427,1,0.4230769230769231,0.35714285714285715,1,0.8076923076923077,0.8333333333333334,1,0.9615384615384616,0.9761904761904762,3,0.010989010989010988,0.010989010989010988,0.0879120879120879,0.3186813186813187,0.39560439560439564,0.16483516483516483,0.010989010989010988,0.006802721088435374,0.006802721088435374,0.10204081632653061,0.2448979591836735,0.48299319727891155,0.14965986394557823,0.006802721088435374
2008,2008-09-15,4.548,4.574,4.574,-0.11699999999999999,4.513416666666666,4.52815,4.574,20,0,0.11538461538461539,0.07142857142857142,0,0.34615384615384615,0.2619047619047619,1,1.0,1.0,1,1.0,1.0,1,1.0,1.0,3,0.019230769230769232,0.019230769230769232,0.09615384615384616,0.8653846153846154,0.0,0.0,0.0,0.011904761904761904,0.011904761904761904,0.05952380952380952,0.9166666666666666,0.0,0.0,0.0
2008,2008-09-25,4.548,4.548,4.658,0.057000000000000384,4.548,4.548,4.548,20,0,0.038461538461538464,0.023809523809523808,0,0.038461538461538464,0.023809523809523808,1,1.0,1.0,1,1.0,1.0,1,1.0,1.0,3,0.019230769230769232,0.019230769230769232,0.019230769230769232,0.9423076923076923,0.0,0.0,0.0,0.011904761904761904,0.011904761904761904,0.011904761904761904,0.9642857142857143,0.0,0.0,0.0
2009,2009-08-15,5.047,6.442,6.442,-0.36299999999999955,5.253583333333333,5.27352380952381,6.442,21,0,0.038461538461538464,0.022727272727272728,0,0.038461538461538464,0.022727272727272728,0,0.038461538461538464,0.022727272727272728,0,0.11538461538461539,0.06818181818181818,0,0.2692307692307692,0.20454545454545456,6,0.010989010989010988,0.010989010989010988,0.010989010989010988,0.010989010989010988,0.0879120879120879,0.16483516483516483,0.7032967032967032,0.006493506493506493,0.006493506493506493,0.006493506493506493,0.006493506493506493,0.051948051948051945,0.14285714285714285,0.7792207792207791
2009,2009-09-01,5.047,5.419,5.419,-0.2950000000000008,5.0245,5.052428571428571,5.419,21,0,0.038461538461538464,0.022727272727272728,0,0.038461538461538464,0.022727272727272728,0,0.038461538461538464,0.022727272727272728,0,0.11538461538461539,0.11363636363636363,0,0.5,0.38636363636363635,6,0.010989010989010988,0.010989010989010988,0.010989010989010988,0.010989010989010988,0.0879120879120879,0.39560439560439564,0.47252747252747257,0.006493506493506493,0.006493506493506493,0.006493506493506493,0.006493506493506493,0.0974025974025974,0.27922077922077926,0.5974025974025974
2009,2009-09-15,5.047,5.047,5.047,-0.22200000000000042,4.993416666666667,5.0020952380952375,5.047,21,0,0.038461538461538464,0.022727272727272728,0,0.038461538461538464,0.022727272727272728,0,0.038461538461538464,0.022727272727272728,0,0.038461538461538464,0.022727272727272728,0,0.4230769230769231,0.38636363636363635,6,0.010989010989010988,0.010989010989010988,0.010989010989010988,0.010989010989010988,0.010989010989010988,0.39560439560439564,0.5494505494505495,0.006493506493506493,0.006493506493506493,0.006493506493506493,0.006493506493506493,0.006493506493506493,0.3701298701298701,0.5974025974025974
2009,2009-09-25,5.047,5.047,5.341,0.1280000000000001,5.047,5.047,5.047,21,0,0.038461538461538464,0.022727272727272728,0,0.038461538461538464,0.022727272727272728,0,0.038461538461538464,0.022727272727272728,0,0.038461538461538464,0.022727272727272728,0,0.038461538461538464,0.022727272727272728,6,0.010989010989010988,0.010989010989010988,0.010989010989010988,0.010989010989010988,0.010989010989010988,0.010989010989010988,0.9340659340659341,0.006493506493506493,0.006493506493506493,0.006493506493506493,0.006493506493506493,0.006493506493506493,0.006493506493506493,0.961038961038961
2010,2010-08-15,4.59,6.055,6.055,-0.39400000000000013,4.902583333333332,4.876227272727273,6.055,22,0,0.038461538461538464,0.06521739130434782,0,0.11538461538461539,0.10869565217391304,1,0.19230769230769232,0.15217391304347827,1,0.4230769230769231,0.41304347826086957,1,0.6538461538461539,0.6739130434782609,3,0.010989010989010988,0.010989010989010988,0.010989010989010988,0.16483516483516483,0.24175824175824176,0.24175824175824176,0.3186813186813187,0.006211180124223602,0.006211180124223602,0.049689440993788817,0.09316770186335403,0.2670807453416149,0.2670807453416149,0.31055900621118016
2010,2010-09-01,4.59,5.216,5.216,-0.32399999999999984,4.8365,4.849181818181818,5.216,22,0,0.038461538461538464,0.021739130434782608,0,0.038461538461538464,0.021739130434782608,1,0.11538461538461539,0.10869565217391304,1,0.4230769230769231,0.3695652173913043,1,0.8846153846153846,0.8043478260869565,3,0.010989010989010988,0.010989010989010988,0.010989010989010988,0.0879120879120879,0.3186813186813187,0.47252747252747257,0.0879120879120879,0.006211180124223602,0.006211180124223602,0.006211180124223602,0.09316770186335403,0.2670807453416149,0.4409937888198758,0.18012422360248448
2010,2010-09-15,4.59,4.75,4.777,-0.1479999999999997,4.6965,4.707136363636364,4.75,22,0,0.038461538461538464,0.021739130434782608,0,0.038461538461538464,0.021739130434782608,1,0.11538461538461539,0.06521739130434782,1,1.0,1.0,1,1.0,1.0,3,0.015384615384615385,0.015384615384615385,0.015384615384615385,0.0923076923076923,0.8615384615384615,0.0,0.0,0.008695652173913044,0.008695652173913044,0.008695652173913044,0.05217391304347826,0.9217391304347826,0.0,0.0
2010,2010-09-25,4.59,4.59,4.662,-0.0680000000000005,4.59,4.59,4.59,22,0,0.038461538461538464,0.021739130434782608,0,0.038461538461538464,0.021739130434782608,1,1.0,1.0,1,1.0,1.0,1,1.0,1.0,3,0.019230769230769232,0.019230769230769232,0.019230769230769232,0.9423076923076923,0.0,0.0,0.0,0.010869565217391304,0.010869565217391304,0.010869565217391304,0.967391304347826,0.0,0.0,0.0
2011,2011-08-15,4.333,5.779,5.779,-0.5190000000000001,4.630083333333333,4.587782608695653,5.779,23,1,0.2692307692307692,0.3125,1,0.4230769230769231,0.4375,1,0.4230769230769231,0.4791666666666667,1,0.7307692307692307,0.7291666666666666,1,0.8846153846153846,0.8958333333333334,2,0.010989010989010988,0.0879120879120879,0.16483516483516483,0.16483516483516483,0.3186813186813187,0.16483516483516483,0.0879120879120879,0.047619047619047616,0.047619047619047616,0.2142857142857143,0.17261904761904764,0.255952380952381,0.17261904761904764,0.08928571428571429
2011,2011-09-01,4.333,4.716,4.716,-0.2989999999999995,4.326583333333334,4.337913043478261,4.716,23,1,0.5769230769230769,0.5625,1,0.8846153846153846,0.8125,1,0.9615384615384616,0.9791666666666666,1,1.0,1.0,1,1.0,1.0,2,0.015384615384615385,0.24615384615384617,0.3230769230769231,0.4,0.015384615384615385,0.0,0.0,0.008333333333333335,0.2166666666666667,0.3416666666666667,0.42500000000000004,0.008333333333333335,0.0,0.0
2011,2011-09-15,4.333,4.333,4.369,-0.0129999999999999,4.273083333333334,4.28504347826087,4.333,23,1,1.0,1.0,1,1.0,1.0,1,1.0,1.0,1,1.0,1.0,1,1.0,1.0,2,0.02564102564102564,0.1794871794871795,0.7948717948717949,0.0,0.0,0.0,0.0,0.013888888888888888,0.09722222222222222,0.8888888888888888,0.0,0.0,0.0,0.0
2011,2011-09-25,4.333,4.333,4.642,0.08700000000000063,4.333,4.333,4.333,23,1,1.0,1.0,1,1.0,1.0,1,1.0,1.0,1,1.0,1.0,1,1.0,1.0,2,0.02564102564102564,0.02564102564102564,0.9487179487179488,0.0,0.0,0.0,0.0,0.013888888888888888,0.013888888888888888,0.9722222222222222,0.0,0.0,0.0,0.0
2012,2012-08-15,3.34,4.938,4.938,-0.8300000000000001,3.7304999999999993,3.7361666666666666,4.938,24,1,0.9615384615384616,0.98,1,0.9615384615384616,0.98,1,0.9615384615384616,0.98,1,0.9615384615384616,0.98,1,1.0,1.0,0,0.7820512820512823,0.1666666666666667,0.012820512820512824,0.012820512820512824,0.012820512820512824,0.012820512820512824,0.0,0.7666666666666665,0.2066666666666666,0.0066666666666666645,0.0066666666666666645,0.0066666666666666645,0.0066666666666666645,0.0
2012,2012-09-01,3.34,3.691,3.691,-0.5250000000000004,3.2953333333333332,3.312708333333333,3.691,24,1,1.0,1.0,1,1.0,1.0,1,1.0,1.0,1,1.0,1.0,1,1.0,1.0,0,1.0,0.0,0.0,0.0,0.0,0.0,0.0,1.0,0.0,0.0,0.0,0.0,0.0,0.0
2012,2012-09-15,3.34,3.416,3.417,-0.08800000000000008,3.3560833333333333,3.370041666666667,3.416,24,1,1.0,1.0,1,1.0,1.0,1,1.0,1.0,1,1.0,1.0,1,1.0,1.0,0,1.0,0.0,0.0,0.0,0.0,0.0,0.0,1.0,0.0,0.0,0.0,0.0,0.0,0.0
2012,2012-09-25,3.34,3.34,3.601,0.22299999999999986,3.34,3.34,3.34,24,1,1.0,1.0,1,1.0,1.0,1,1.0,1.0,1,1.0,1.0,1,1.0,1.0,0,1.0,0.0,0.0,0.0,0.0,0.0,0.0,1.0,0.0,0.0,0.0,0.0,0.0,0.0
2013,2013-08-15,5.04,6.21,6.21,-0.43400000000000016,5.0024999999999995,4.992319999999999,6.21,25,0,0.038461538461538464,0.057692307692307696,0,0.038461538461538464,0.057692307692307696,0,0.038461538461538464,0.057692307692307696,0,0.2692307692307692,0.28846153846153844,0,0.5,0.5192307692307693,6,0.010989010989010988,0.010989010989010988,0.010989010989010988,0.010989010989010988,0.24175824175824176,0.24175824175824176,0.47252747252747257,0.005494505494505494,0.005494505494505494,0.04395604395604395,0.005494505494505494,0.23626373626373628,0.23626373626373628,0.46703296703296704
2013,2013-09-01,5.04,5.332,5.332,-0.2919999999999998,4.936333333333333,4.9548,5.332,25,0,0.038461538461538464,0.019230769230769232,0,0.038461538461538464,0.019230769230769232,0,0.038461538461538464,0.019230769230769232,0,0.2692307692307692,0.21153846153846154,0,0.5769230769230769,0.5576923076923077,6,0.010989010989010988,0.010989010989010988,0.010989010989010988,0.010989010989010988,0.24175824175824176,0.3186813186813187,0.39560439560439564,0.005494505494505494,0.005494505494505494,0.005494505494505494,0.005494505494505494,0.19780219780219782,0.3516483516483516,0.42857142857142855
2013,2013-09-15,5.04,5.051,5.051,-0.10499999999999954,4.991083333333334,5.00384,5.051,25,0,0.038461538461538464,0.019230769230769232,0,0.038461538461538464,0.019230769230769232,0,0.038461538461538464,0.019230769230769232,0,0.038461538461538464,0.019230769230769232,0,0.4230769230769231,0.40384615384615385,6,0.010989010989010988,0.010989010989010988,0.010989010989010988,0.010989010989010988,0.010989010989010988,0.39560439560439564,0.5494505494505495,0.005494505494505494,0.005494505494505494,0.005494505494505494,0.005494505494505494,0.005494505494505494,0.3901098901098901,0.5824175824175823
2013,2013-09-25,5.04,5.04,5.193,0.09799999999999986,5.04,5.04,5.04,25,0,0.038461538461538464,0.019230769230769232,0,0.038461538461538464,0.019230769230769232,0,0.038461538461538464,0.019230769230769232,0,0.038461538461538464,0.019230769230769232,0,0.038461538461538464,0.019230769230769232,6,0.010989010989010988,0.010989010989010988,0.010989010989010988,0.010989010989010988,0.010989010989010988,0.010989010989010988,0.9340659340659341,0.005494505494505494,0.005494505494505494,0.005494505494505494,0.005494505494505494,0.005494505494505494,0.005494505494505494,0.967032967032967
2014,2014-08-15,4.988,6.251,6.251,-0.48799999999999955,5.05325,5.035153846153847,6.251,26,0,0.038461538461538464,0.018518518518518517,0,0.038461538461538464,0.05555555555555555,0,0.038461538461538464,0.05555555555555555,0,0.19230769230769232,0.2037037037037037,1,0.4230769230769231,0.46296296296296297,5,0.010989010989010988,0.010989010989010988,0.010989010989010988,0.010989010989010988,0.16483516483516483,0.24175824175824176,0.5494505494505495,0.005291005291005291,0.005291005291005291,0.005291005291005291,0.042328042328042326,0.15343915343915346,0.2645502645502646,0.5238095238095238
2014,2014-09-01,4.988,5.429,5.494,-0.17100000000000026,5.060833333333334,5.055076923076923,5.429,26,0,0.038461538461538464,0.018518518518518517,0,0.038461538461538464,0.018518518518518517,0,0.038461538461538464,0.018518518518518517,0,0.038461538461538464,0.05555555555555555,1,0.34615384615384615,0.35185185185185186,5,0.010989010989010988,0.010989010989010988,0.010989010989010988,0.010989010989010988,0.010989010989010988,0.3186813186813187,0.6263736263736264,0.005291005291005291,0.005291005291005291,0.005291005291005291,0.005291005291005291,0.042328042328042326,0.30158730158730157,0.6349206349206349
2014,2014-09-15,4.988,5.1,5.1,-0.15500000000000025,5.045083333333333,5.054230769230769,5.1,26,0,0.038461538461538464,0.018518518518518517,0,0.038461538461538464,0.018518518518518517,0,0.038461538461538464,0.018518518518518517,0,0.038461538461538464,0.018518518518518517,1,0.2692307692307692,0.2037037037037037,5,0.010989010989010988,0.010989010989010988,0.010989010989010988,0.010989010989010988,0.010989010989010988,0.24175824175824176,0.7032967032967032,0.005291005291005291,0.005291005291005291,0.005291005291005291,0.005291005291005291,0.005291005291005291,0.1904761904761905,0.783068783068783
2014,2014-09-25,4.988,4.988,5.16,0.1280000000000001,4.988,4.988,4.988,26,0,0.038461538461538464,0.018518518518518517,0,0.038461538461538464,0.018518518518518517,0,0.038461538461538464,0.018518518518518517,0,0.038461538461538464,0.018518518518518517,1,1.0,1.0,5,0.01282051282051282,0.01282051282051282,0.01282051282051282,0.01282051282051282,0.01282051282051282,0.9358974358974359,0.0,0.006172839506172839,0.006172839506172839,0.006172839506172839,0.006172839506172839,0.006172839506172839,0.9691358024691359,0.0
2015,2015-08-15,4.387,5.829,5.834,-0.6060000000000008,4.570083333333333,4.611407407407407,5.829,27,1,0.34615384615384615,0.26785714285714285,1,0.5,0.375,1,0.5769230769230769,0.5178571428571429,1,0.8076923076923077,0.7321428571428571,1,0.8846153846153846,0.875,2,0.01098901098901099,0.01098901098901099,0.31868131868131877,0.2417582417582418,0.2417582417582418,0.08791208791208792,0.08791208791208792,0.00510204081632653,0.04081632653061224,0.21938775510204084,0.25510204081632654,0.21938775510204084,0.1479591836734694,0.11224489795918367
2015,2015-09-01,4.387,4.639,4.639,-0.5830000000000002,4.244083333333333,4.2625925925925925,4.639,27,1,0.8846153846153846,0.8035714285714286,1,0.9615384615384616,0.9464285714285714,1,0.9615384615384616,0.9821428571428571,1,1.0,1.0,1,1.0,1.0,2,0.015384615384615385,0.4,0.47692307692307695,0.0923076923076923,0.015384615384615385,0.0,0.0,0.007142857142857144,0.3642857142857143,0.4357142857142857,0.18571428571428575,0.007142857142857144,0.0,0.0
2015,2015-09-15,4.387,4.387,4.482,-0.0030000000000001137,4.326416666666666,4.338777777777778,4.387,27,1,1.0,1.0,1,1.0,1.0,1,1.0,1.0,1,1.0,1.0,1,1.0,1.0,2,0.02564102564102564,0.10256410256410256,0.8717948717948718,0.0,0.0,0.0,0.0,0.011904761904761904,0.047619047619047616,0.9404761904761905,0.0,0.0,0.0,0.0
2015,2015-09-25,4.387,4.387,4.687,0.2270000000000003,4.387,4.387,4.387,27,1,1.0,1.0,1,1.0,1.0,1,1.0,1.0,1,1.0,1.0,1,1.0,1.0,2,0.02564102564102564,0.02564102564102564,0.9487179487179488,0.0,0.0,0.0,0.0,0.011904761904761904,0.011904761904761904,0.9761904761904762,0.0,0.0,0.0,0.0
2016,2016-08-15,4.145,5.571,5.571,-0.6320000000000006,4.256833333333333,4.345392857142857,5.571,28,1,0.6538461538461539,0.5344827586206896,1,0.8076923076923077,0.7068965517241379,1,0.8846153846153846,0.7758620689655172,1,0.9615384615384616,0.9482758620689655,1,0.9615384615384616,0.9827586206896551,1,0.16483516483516486,0.3956043956043957,0.08791208791208792,0.2417582417582418,0.08791208791208792,0.01098901098901099,0.01098901098901099,0.10837438423645321,0.28078817733990147,0.14285714285714288,0.24630541871921185,0.17733990147783255,0.03940886699507389,0.0049261083743842365
2016,2016-09-01,4.145,4.507,4.507,-0.5350000000000001,4.109833333333333,4.1350357142857135,4.507,28,1,0.9615384615384616,0.9827586206896551,1,0.9615384615384616,0.9827586206896551,1,1.0,1.0,1,1.0,1.0,1,1.0,1.0,1,0.17307692307692307,0.5576923076923077,0.25,0.019230769230769232,0.0,0.0,0.0,0.1810344827586207,0.4224137931034483,0.3879310344827586,0.008620689655172414,0.0,0.0,0.0
2016,2016-09-15,4.145,4.145,4.273,0.05999999999999961,4.0874999999999995,4.0985,4.145,28,1,1.0,1.0,1,1.0,1.0,1,1.0,1.0,1,1.0,1.0,1,1.0,1.0,1,0.19230769230769232,0.8076923076923077,0.0,0.0,0.0,0.0,0.0,0.08620689655172414,0.9137931034482759,0.0,0.0,0.0,0.0,0.0
2016,2016-09-25,4.145,4.145,4.688,0.36299999999999955,4.145,4.145,4.145,28,1,1.0,1.0,1,1.0,1.0,1,1.0,1.0,1,1.0,1.0,1,1.0,1.0,1,0.038461538461538464,0.9615384615384616,0.0,0.0,0.0,0.0,0.0,0.017241379310344827,0.9827586206896551,0.0,0.0,0.0,0.0,0.0
2017,2017-08-15,4.635,5.516,5.516,-0.6440000000000001,4.172916666666667,4.283482758620689,5.516,29,0,0.8076923076923077,0.6833333333333333,0,0.8846153846153846,0.75,0,0.8846153846153846,0.8166666666666667,1,0.9615384615384616,0.9833333333333333,1,0.9615384615384616,0.9833333333333333,4,0.16483516483516486,0.4725274725274726,0.16483516483516486,0.08791208791208792,0.08791208791208792,0.01098901098901099,0.01098901098901099,0.10476190476190478,0.3380952380952381,0.23809523809523814,0.13809523809523813,0.17142857142857146,0.004761904761904762,0.004761904761904762
2017,2017-09-01,4.635,4.945,4.945,-0.2519999999999998,4.550083333333333,4.573379310344828,4.945,29,0,0.19230769230769232,0.18333333333333332,0,0.34615384615384615,0.31666666666666665,0,0.6538461538461539,0.5166666666666667,1,0.9615384615384616,0.95,1,1.0,1.0,4,0.012820512820512818,0.012820512820512818,0.16666666666666663,0.47435897435897434,0.3205128205128205,0.012820512820512818,0.0,0.005555555555555555,0.005555555555555555,0.17222222222222222,0.33888888888888885,0.4388888888888889,0.03888888888888889,0.0
2017,2017-09-15,4.635,4.666,4.666,-0.09299999999999997,4.614833333333333,4.621103448275862,4.666,29,0,0.038461538461538464,0.016666666666666666,0,0.11538461538461539,0.05,0,0.34615384615384615,0.35,1,1.0,1.0,1,1.0,1.0,4,0.015384615384615385,0.015384615384615385,0.015384615384615385,0.3230769230769231,0.6307692307692307,0.0,0.0,0.006666666666666667,0.006666666666666667,0.006666666666666667,0.33999999999999997,0.64,0.0,0.0
2017,2017-09-25,4.635,4.635,4.851,0.1120000000000001,4.635,4.635,4.635,29,0,0.038461538461538464,0.016666666666666666,0,0.038461538461538464,0.016666666666666666,0,0.038461538461538464,0.016666666666666666,1,1.0,1.0,1,1.0,1.0,4,0.015384615384615385,0.015384615384615385,0.015384615384615385,0.015384615384615385,0.9384615384615385,0.0,0.0,0.006666666666666667,0.006666666666666667,0.006666666666666667,0.006666666666666667,0.9733333333333333,0.0,0.0
2018,2018-08-15,4.63,5.86,5.86,-0.3929999999999998,4.576666666666667,4.639200000000001,5.86,30,0,0.19230769230769232,0.1774193548387097,0,0.5769230769230769,0.4032258064516129,0,0.6538461538461539,0.5,1,0.8076923076923077,0.7258064516129032,1,0.9615384615384616,0.8548387096774194,4,0.01098901098901099,0.01098901098901099,0.16483516483516486,0.4725274725274726,0.16483516483516486,0.16483516483516486,0.01098901098901099,0.004608294930875576,0.03686635944700461,0.1336405529953917,0.32718894009216587,0.2304147465437788,0.1336405529953917,0.1336405529953917
2018,2018-09-01,4.63,5.01,5.01,-0.1900000000000004,4.608,4.640433333333333,5.01,30,0,0.11538461538461539,0.11290322580645161,0,0.19230769230769232,0.1774193548387097,0,0.4230769230769231,0.3387096774193548,1,0.9615384615384616,0.8870967741935484,1,0.9615384615384616,0.9838709677419355,4,0.010989010989010988,0.010989010989010988,0.0879120879120879,0.3186813186813187,0.5494505494505495,0.010989010989010988,0.010989010989010988,0.004608294930875576,0.004608294930875576,0.10138248847926266,0.2304147465437788,0.5529953917050691,0.10138248847926266,0.004608294930875576
2018,2018-09-15,4.63,4.749,4.749,-0.12100000000000044,4.69525,4.704566666666667,4.749,30,0,0.038461538461538464,0.016129032258064516,0,0.038461538461538464,0.016129032258064516,0,0.19230769230769232,0.08064516129032258,1,1.0,1.0,1,1.0,1.0,4,0.015384615384615385,0.015384615384615385,0.015384615384615385,0.16923076923076924,0.7846153846153846,0.0,0.0,0.0064516129032258064,0.0064516129032258064,0.0064516129032258064,0.07096774193548387,0.9096774193548387,0.0,0.0
2018,2018-09-25,4.63,4.63,4.649,-0.0389999999999997,4.63,4.63,4.63,30,0,0.038461538461538464,0.016129032258064516,0,0.038461538461538464,0.016129032258064516,0,0.038461538461538464,0.016129032258064516,1,1.0,1.0,1,1.0,1.0,4,0.015384615384615385,0.015384615384615385,0.015384615384615385,0.015384615384615385,0.9384615384615385,0.0,0.0,0.0064516129032258064,0.0064516129032258064,0.0064516129032258064,0.0064516129032258064,0.9741935483870967,0.0,0.0
2019,2019-08-15,4.166,5.098,5.1,-0.4950000000000001,3.7671666666666663,3.8769032258064513,5.098,31,1,0.9615384615384616,0.984375,1,0.9615384615384616,0.984375,1,0.9615384615384616,0.984375,1,0.9615384615384616,0.984375,1,0.9615384615384616,0.984375,1,0.7802197802197804,0.08791208791208793,0.08791208791208793,0.010989010989010992,0.010989010989010992,0.010989010989010992,0.010989010989010992,0.6607142857142858,0.12946428571428575,0.19196428571428575,0.004464285714285715,0.004464285714285715,0.004464285714285715,0.004464285714285715
2019,2019-09-01,4.166,4.602,4.649,0.014000000000000234,4.195250000000001,4.232096774193549,4.602,31,1,0.9615384615384616,0.890625,1,0.9615384615384616,0.984375,1,0.9615384615384616,0.984375,1,1.0,1.0,1,1.0,1.0,1,0.0923076923076923,0.3230769230769231,0.5538461538461539,0.015384615384615385,0.015384615384615385,0.0,0.0,0.1,0.225,0.56875,0.1,0.00625,0.0,0.0
2019,2019-09-15,4.166,4.319,4.326,-0.02600000000000069,4.26875,4.272161290322581,4.319,31,1,1.0,1.0,1,1.0,1.0,1,1.0,1.0,1,1.0,1.0,1,1.0,1.0,1,0.02564102564102564,0.10256410256410256,0.8717948717948718,0.0,0.0,0.0,0.0,0.010416666666666666,0.10416666666666667,0.8854166666666666,0.0,0.0,0.0,0.0
2019,2019-09-25,4.166,4.166,4.296,0.11000000000000032,4.166,4.166,4.166,31,1,1.0,1.0,1,1.0,1.0,1,1.0,1.0,1,1.0,1.0,1,1.0,1.0,1,0.038461538461538464,0.9615384615384616,0.0,0.0,0.0,0.0,0.0,0.015625,0.984375,0.0,0.0,0.0,0.0,0.0
2020,2020-08-15,3.793,5.43,5.43,-0.3620000000000001,4.1546666666666665,4.2179375,5.43,32,1,0.8076923076923077,0.7121212121212122,1,0.8846153846153846,0.803030303030303,1,0.9615384615384616,0.8939393939393939,1,0.9615384615384616,0.9848484848484849,1,0.9615384615384616,0.9848484848484849,0,0.31868131868131877,0.31868131868131877,0.16483516483516486,0.16483516483516486,0.01098901098901099,0.01098901098901099,0.01098901098901099,0.2467532467532467,0.277056277056277,0.18614718614718612,0.18614718614718612,0.09523809523809522,0.004329004329004328,0.004329004329004328
2020,2020-09-01,3.793,4.329,4.329,-0.2629999999999999,3.9309999999999996,3.9570312499999996,4.329,32,1,1.0,1.0,1,1.0,1.0,1,1.0,1.0,1,1.0,1.0,1,1.0,1.0,0,0.717948717948718,0.2564102564102564,0.025641025641025637,0.0,0.0,0.0,0.0,0.5555555555555555,0.43434343434343436,0.0101010101010101,0.0,0.0,0.0,0.0
2020,2020-09-15,3.793,3.814,3.814,-0.08400000000000007,3.7603333333333335,3.76384375,3.814,32,1,1.0,1.0,1,1.0,1.0,1,1.0,1.0,1,1.0,1.0,1,1.0,1.0,0,1.0,0.0,0.0,0.0,0.0,0.0,0.0,1.0,0.0,0.0,0.0,0.0,0.0,0.0
2020,2020-09-25,3.793,3.793,4.066,0.24799999999999978,3.793,3.793,3.793,32,1,1.0,1.0,1,1.0,1.0,1,1.0,1.0,1,1.0,1.0,1,1.0,1.0,0,1.0,0.0,0.0,0.0,0.0,0.0,0.0,1.0,0.0,0.0,0.0,0.0,0.0,0.0
2021,2021-08-15,4.757,5.844,5.844,-0.22599999999999998,4.467083333333333,4.619060606060606,5.844,33,0,0.34615384615384615,0.25,0,0.6538461538461539,0.39705882352941174,0,0.7307692307692307,0.4852941176470588,1,0.9615384615384616,0.7205882352941176,1,0.9615384615384616,0.8676470588235294,4,0.010989010989010988,0.010989010989010988,0.3186813186813187,0.39560439560439564,0.24175824175824176,0.010989010989010988,0.010989010989010988,0.004201680672268907,0.03361344537815126,0.21008403361344538,0.2394957983193277,0.2394957983193277,0.1512605042016807,0.12184873949579833
2021,2021-09-01,4.757,5.137,5.137,-0.3250000000000002,4.73025,4.760060606060605,5.137,33,0,0.038461538461538464,0.014705882352941176,0,0.038461538461538464,0.014705882352941176,0,0.19230769230769232,0.16176470588235295,1,0.7307692307692307,0.5735294117647058,1,0.9615384615384616,0.9852941176470589,4,0.010989010989010988,0.010989010989010988,0.010989010989010988,0.16483516483516483,0.5494505494505495,0.24175824175824176,0.010989010989010988,0.0042016806722689065,0.0042016806722689065,0.0042016806722689065,0.15126050420168066,0.41596638655462176,0.41596638655462176,0.0042016806722689065
2021,2021-09-15,4.757,4.776,4.776,-0.19700000000000006,4.719333333333333,4.726727272727272,4.776,33,0,0.038461538461538464,0.014705882352941176,0,0.038461538461538464,0.014705882352941176,0,0.038461538461538464,0.04411764705882353,1,1.0,1.0,1,1.0,1.0,4,0.015384615384615385,0.015384615384615385,0.015384615384615385,0.015384615384615385,0.9384615384615385,0.0,0.0,0.0058823529411764705,0.0058823529411764705,0.0058823529411764705,0.03529411764705882,0.9470588235294118,0.0,0.0
2021,2021-09-25,4.757,4.757,4.941,0.16000000000000014,4.757,4.757,4.757,33,0,0.038461538461538464,0.014705882352941176,0,0.038461538461538464,0.014705882352941176,0,0.038461538461538464,0.014705882352941176,1,1.0,1.0,1,1.0,1.0,4,0.015384615384615385,0.015384615384615385,0.015384615384615385,0.015384615384615385,0.9384615384615385,0.0,0.0,0.0058823529411764705,0.0058823529411764705,0.0058823529411764705,0.0058823529411764705,0.9764705882352942,0.0,0.0
2022,2022-08-15,4.692,6.173,6.173,-0.3929999999999998,4.93825,4.952117647058824,6.173,34,0,0.038461538461538464,0.04285714285714286,0,0.038461538461538464,0.04285714285714286,0,0.11538461538461539,0.12857142857142856,1,0.4230769230769231,0.35714285714285715,1,0.5769230769230769,0.5285714285714286,4,0.010989010989010988,0.010989010989010988,0.010989010989010988,0.0879120879120879,0.3186813186813187,0.16483516483516483,0.39560439560439564,0.004081632653061224,0.004081632653061224,0.03265306122448979,0.08979591836734693,0.23265306122448978,0.17551020408163268,0.46122448979591835
2022,2022-09-01,4.692,5.222,5.226,-0.3819999999999997,4.813750000000001,4.844970588235294,5.222,34,0,0.038461538461538464,0.014285714285714285,0,0.038461538461538464,0.014285714285714285,0,0.11538461538461539,0.07142857142857142,1,0.4230769230769231,0.35714285714285715,1,0.9615384615384616,0.8714285714285714,4,0.010989010989010988,0.010989010989010988,0.010989010989010988,0.0879120879120879,0.3186813186813187,0.5494505494505495,0.010989010989010988,0.004081632653061224,0.004081632653061224,0.004081632653061224,0.061224489795918366,0.2897959183673469,0.5183673469387755,0.11836734693877553
2022,2022-09-15,4.692,4.761,4.761,-0.13900000000000023,4.70275,4.712617647058824,4.761,34,0,0.038461538461538464,0.014285714285714285,0,0.038461538461538464,0.014285714285714285,0,0.038461538461538464,0.04285714285714286,1,1.0,1.0,1,1.0,1.0,4,0.015384615384615385,0.015384615384615385,0.015384615384615385,0.015384615384615385,0.9384615384615385,0.0,0.0,0.005714285714285714,0.005714285714285714,0.005714285714285714,0.03428571428571429,0.9485714285714286,0.0,0.0
2022,2022-09-25,4.692,4.692,4.845,0.15299999999999958,4.692,4.692,4.692,34,0,0.038461538461538464,0.014285714285714285,0,0.038461538461538464,0.014285714285714285,0,0.038461538461538464,0.014285714285714285,1,1.0,1.0,1,1.0,1.0,4,0.015384615384615385,0.015384615384615385,0.015384615384615385,0.015384615384615385,0.9384615384615385,0.0,0.0,0.005714285714285714,0.005714285714285714,0.005714285714285714,0.005714285714285714,0.9771428571428572,0.0,0.0
2023,2023-08-15,4.244,5.788,5.788,-0.5830000000000002,4.419666666666667,4.559685714285714,5.788,35,1,0.5769230769230769,0.375,1,0.6538461538461539,0.4305555555555556,1,0.8076923076923077,0.5416666666666666,1,0.8846153846153846,0.7638888888888888,1,0.9615384615384616,0.9027777777777778,2,0.01098901098901099,0.16483516483516486,0.3956043956043957,0.2417582417582418,0.08791208791208792,0.08791208791208792,0.01098901098901099,0.031746031746031744,0.0873015873015873,0.25396825396825395,0.17063492063492064,0.22619047619047616,0.14285714285714288,0.0873015873015873
2023,2023-09-01,4.244,4.642,4.642,-0.2869999999999999,4.208083333333334,4.2606,4.642,35,1,0.9615384615384616,0.8472222222222222,1,0.9615384615384616,0.9583333333333334,1,0.9615384615384616,0.9861111111111112,1,1.0,1.0,1,1.0,1.0,2,0.015384615384615385,0.4,0.5538461538461539,0.015384615384615385,0.015384615384615385,0.0,0.0,0.005555555555555556,0.3111111111111111,0.5333333333333333,0.14444444444444446,0.005555555555555556,0.0,0.0
2023,2023-09-15,4.244,4.258,4.291,-0.1589999999999998,4.2025,4.209028571428571,4.258,35,1,1.0,1.0,1,1.0,1.0,1,1.0,1.0,1,1.0,1.0,1,1.0,1.0,2,0.02564102564102564,0.41025641025641024,0.5641025641025641,0.0,0.0,0.0,0.0,0.009259259259259259,0.39814814814814814,0.5925925925925926,0.0,0.0,0.0,0.0
2023,2023-09-25,4.244,4.244,4.313,0.05799999999999983,4.244,4.244,4.244,35,1,1.0,1.0,1,1.0,1.0,1,1.0,1.0,1,1.0,1.0,1,1.0,1.0,2,0.02564102564102564,0.02564102564102564,0.9487179487179488,0.0,0.0,0.0,0.0,0.009259259259259259,0.009259259259259259,0.9814814814814815,0.0,0.0,0.0,0.0
2024,2024-08-15,4.245,5.326,5.326,-0.5190000000000001,3.9876666666666667,4.088916666666666,5.326,36,1,0.8846153846153846,0.8243243243243243,1,0.9615384615384616,0.9054054054054054,1,0.9615384615384616,0.9864864864864865,1,0.9615384615384616,0.9864864864864865,1,0.9615384615384616,0.9864864864864865,2,0.6263736263736265,0.08791208791208793,0.1648351648351649,0.08791208791208793,0.010989010989010992,0.010989010989010992,0.010989010989010992,0.4362934362934362,0.19305019305019303,0.19305019305019303,0.166023166023166,0.0038610038610038602,0.0038610038610038602,0.0038610038610038602
2024,2024-09-01,4.245,4.405,4.44,-0.258,3.9820833333333336,4.023138888888889,4.405,36,1,0.9615384615384616,0.9864864864864865,1,1.0,1.0,1,1.0,1.0,1,1.0,1.0,1,1.0,1.0,2,0.40384615384615385,0.5576923076923077,0.019230769230769232,0.019230769230769232,0.0,0.0,0.0,0.3581081081081081,0.5472972972972973,0.08783783783783784,0.006756756756756757,0.0,0.0,0.0
2024,2024-09-15,4.245,4.245,4.247,-0.07099999999999973,4.189916666666667,4.197,4.245,36,1,1.0,1.0,1,1.0,1.0,1,1.0,1.0,1,1.0,1.0,1,1.0,1.0,2,0.02564102564102564,0.41025641025641024,0.5641025641025641,0.0,0.0,0.0,0.0,0.009009009009009009,0.3873873873873874,0.6036036036036035,0.0,0.0,0.0,0.0
2024,2024-09-25,4.245,4.245,4.405,0.11500000000000021,4.245,4.245,4.245,36,1,1.0,1.0,1,1.0,1.0,1,1.0,1.0,1,1.0,1.0,1,1.0,1.0,2,0.02564102564102564,0.02564102564102564,0.9487179487179488,0.0,0.0,0.0,0.0,0.009009009009009009,0.009009009009009009,0.981981981981982,0.0,0.0,0.0,0.0
2025,2025-08-15,4.543,5.532,5.532,-0.42799999999999994,4.23675,4.299135135135135,5.532,37,0,0.6538461538461539,0.5921052631578947,0,0.8076923076923077,0.75,1,0.8076923076923077,0.8026315789473685,1,0.9615384615384616,0.9868421052631579,1,0.9615384615384616,0.9868421052631579,3,0.16483516483516486,0.3956043956043957,0.08791208791208792,0.16483516483516486,0.16483516483516486,0.01098901098901099,0.01098901098901099,0.13533834586466165,0.26691729323308266,0.18796992481203004,0.21428571428571425,0.18796992481203004,0.0037593984962406004,0.0037593984962406004
2025,2025-09-01,4.543,4.809,4.828,-0.23899999999999988,4.3797500000000005,4.433135135135135,4.809,37,0,0.5,0.35526315789473684,0,0.8846153846153846,0.6447368421052632,1,0.8846153846153846,0.881578947368421,1,0.9615384615384616,0.9868421052631579,1,1.0,1.0,3,0.01282051282051282,0.08974358974358974,0.39743589743589747,0.39743589743589747,0.08974358974358974,0.01282051282051282,0.0,0.0043859649122807015,0.08333333333333333,0.2675438596491228,0.5307017543859649,0.10964912280701755,0.0043859649122807015,0.0
2025,2025-09-15,4.543,4.543,4.626,-0.0009999999999994458,4.49375,4.496297297297297,4.543,37,0,0.19230769230769232,0.09210526315789473,0,0.34615384615384615,0.3815789473684211,1,1.0,1.0,1,1.0,1.0,1,1.0,1.0,3,0.019230769230769232,0.019230769230769232,0.17307692307692307,0.7884615384615384,0.0,0.0,0.0,0.006578947368421052,0.006578947368421052,0.08552631578947369,0.9013157894736842,0.0,0.0,0.0
2025,2025-09-25,4.543,4.543,4.825,0.13400000000000034,4.543,4.543,4.543,37,0,0.038461538461538464,0.013157894736842105,0,0.038461538461538464,0.013157894736842105,1,1.0,1.0,1,1.0,1.0,1,1.0,1.0,3,0.019230769230769232,0.019230769230769232,0.019230769230769232,0.9423076923076923,0.0,0.0,0.0,0.006578947368421052,0.006578947368421052,0.006578947368421052,0.9802631578947368,0.0,0.0,0.0
